,fdc_id,brand_owner,brand_name,subbrand_name,gtin_upc,ingredients,not_a_significant_source_of,serving_size,serving_size_unit,household_serving_fulltext,branded_food_category,data_source,package_weight,modified_date,available_date,market_country,discontinued_date,preparation_state_code,trade_channel
21947,1127851,"JBS USA, LLC",,,76338473991,GROUND BEEF,,112.0,g,,Other Meats,LI,,2020-04-08,2020-11-13,United States,,,
22077,1127981,"JBS USA, LLC",,,45310952205,"BEEF, LESS THAN 2% OF: SALT, BROWN SUGAR, SUGAR, CHILI PEPPER, BLACK PEPPER, WHITE PEPPER, CUMIN, RED PEPPER, ALLSPICE, TOMATO POWDER, YEAST EXTRACT, DRIED ONION, DRIED GARLIC, CHIPOTLE PEPPER, NATURAL SMOKE FLAVOR, VINEGAR, NATURAL FLAVORS, ROSEMARY EXTRACT, GREEN TEA EXTRACT, AND CANOLA & OLIVE OIL.",,112.0,g,,Other Meats,LI,,2020-04-08,2020-11-13,United States,,,
32235,1138139,"JBS USA, LLC",,,76338966707,100% GRASS FED BEEF,,112.0,g,,Other Meats,LI,,2020-09-21,2020-11-13,United States,,,
32983,1138887,"JBS USA, LLC",,,076338967087,100% GRASS FED BEEF,,112.0,g,,Other Meats,LI,,2020-09-21,2020-11-13,United States,,,
33823,1139727,"JBS USA, LLC",,,076338811045,GROUND BEEF,,112.0,g,,Other Meats,LI,,2020-09-25,2020-11-13,United States,,,
138857,449584,"JBS USA, LLC",,,76338422333,GROUND BEEF.,,112.0,g,4 ONZ,Other Meats,LI,,2018-02-07,2019-04-01,United States,,,
138858,449585,"JBS USA, LLC",,,76338471515,GROUND BEEF.,,112.0,g,4 ONZ,Other Meats,LI,,2018-02-07,2019-04-01,United States,,,
138859,449586,"JBS USA, LLC",,,76338472840,GROUND BEEF.,,112.0,g,4 ONZ,Other Meats,LI,,2018-02-07,2019-04-01,United States,,,
138861,449588,"JBS USA, LLC",,,76338474011,BEEF.,,112.0,g,1 PATTY,Other Meats,LI,,2018-02-07,2019-04-01,United States,,,
138862,449589,"JBS USA, LLC",,,76338473144,LEAN GROUND BEEF.,,112.0,g,4 ONZ,Other Meats,LI,,2018-02-07,2019-04-01,United States,,,
152302,463029,"JBS USA, LLC",,,76338993765,"BEEF, SOLUTION INGREDIENTS: WATER, POTASSIUM CITRATE, SALT, VINEGAR, NATURAL FLAVOR. *COATED WITH: WATER, SEASONING (MALTODEXTRIN, SPICES, SALT, DEHYDRATED GARLIC, DEHYDRATED ONION, GARLIC POWDER)",,112.0,g,4 ONZ,Other Meats,LI,,2017-10-13,2019-04-01,United States,,,
204281,515008,"JBS USA, LLC",,,076338470150,GROUND BEEF.,,227.0,g,1 PATTY,Other Meats,LI,,2018-02-07,2019-04-01,United States,,,
212187,522914,"JBS USA, LLC",,,076338428137,GROUND BEEF,,112.0,g,4 ONZ,Other Meats,LI,,2018-02-16,2019-04-01,United States,,,
231577,542304,"JBS USA, LLC",,,76338816651,GROUND BEEF,,112.0,g,1 PATTY,Other Meats,LI,,2018-06-14,2019-04-01,United States,,,
266336,577063,"JBS USA, LLC",,,076338426140,,,112.0,g,4 ONZ,Other Meats,LI,,2018-02-07,2019-04-01,United States,,,
267379,578106,"JBS USA, LLC",,,076338470600,,,112.0,g,4 ONZ,Other Meats,LI,,2018-02-07,2019-04-01,United States,,,
267418,578145,"JBS USA, LLC",,,076338471539,,,112.0,g,4 ONZ,Other Frozen Meats,LI,,2018-02-07,2019-04-01,United States,,,
378191,777380,"JBS USA, LLC",,,45310254651,"PORK, SUGAR, LESS THAN 2% OF: TOMATO POWDER, SALT, BLACK PEPPER, CHILI PEPPER, ALLSPICE, CINNAMON, GINGER, PINEAPPLE JUICE CONCENTRATE, MOLASSES, VINEGAR, SMOKED SUGAR, AND NATURAL FLAVORS.",,112.0,g,4 ONZ,Other Meats,LI,,2020-02-03,2020-02-27,United States,,,
411318,856030,"JBS USA, LLC",,,76338428137,GROUND BEEF,,112.0,g,4 ONZ,Other Meats,LI,,2020-04-13,2020-05-28,United States,,,
414843,863080,"JBS USA, LLC",,,76338816651,GROUND BEEF,,112.0,g,1 PATTY,Other Meats,LI,,2020-04-13,2020-05-28,United States,,,
419506,872406,"JBS USA, LLC",,,76338965250,100% GRASS FED BEEF,,112.0,g,4 ONZ,Other Meats,LI,,2020-03-16,2020-05-28,United States,,,
438682,910758,"JBS USA, LLC",,,045310254651,"PORK, SUGAR, LESS THAN 2% OF: TOMATO POWDER, SALT, BLACK PEPPER, CHILI PEPPER, ALLSPICE, CINNAMON, GINGER, PINEAPPLE JUICE CONCENTRATE, MOLASSES, VINEGAR, SMOKED SUGAR, AND NATURAL FLAVORS.",,112.0,g,4 ONZ,Other Meats,LI,,2020-04-08,2020-05-28,United States,,,
442559,918512,"JBS USA, LLC",,,045310282265,"PORK, LESS THAN 2% OF: DEHYDRATED GARLIC & ONION, SALT, BLACK PEPPER, PARSLEY, CHILI PEPPER, RED PEPPER, THYME, OREGANO, BASIL, SUGAR, TOMATO POWDER, DEHYDRATED RED BELL PEPPER, LEMON JUICE POWDER (LEMON JUICE & LEMON OIL), YEAST EXTRACT, CORN STARCH, EXTRA VIRGIN OLIVE OIL, NATURAL FLAVORS, ROSEMARY EXTRACT, GREEN TEA EXTRACT, AND VINEGAR.",,112.0,g,4 ONZ,Other Meats,LI,,2020-04-08,2020-05-28,United States,,,
443823,921040,"JBS USA, LLC",,,045310282470,"PORK, LESS THAN 2% OF: SUGAR, SALT, CHILI PEPPER, BLACK PEPPER, CORN STARCH, DEHYDRATED ONION & GARLIC, POTASSIUM SALT, DEHYDRATED BELL PEPPER, DEHYDRATED ORANGE ZEST, SMOKED SUGARS INCLUDING MESQUITE, RED PEPPER EXTRACT, SOYBEAN OIL, ROSEMARY EXTRACT, GREEN TEA EXTRACT, AND VINEGAR.",,112.0,g,4 ONZ,Other Meats,LI,,2020-04-08,2020-05-28,United States,,,
443843,921080,"JBS USA, LLC",,,045310282579,"PORK, LESS THAN 2% OF: DEHYDRATED GARLIC & ONION, SALT, BLACK PEPPER, CORIANDER, PARSLEY, CARAWAY, MARJORAM, THYME, SUGAR, YEAST EXTRACT, SMOKED SUGAR, DEHYDRATED BELL PEPPER, CORN STARCH, GARLIC EXTRACT, BLACK PEPPER EXTRACT, ASCORBIC ACID (VITAMIN C), ROSEMARY EXTRACT, GREEN TEA EXTRACT, AND VINEGAR.",,112.0,g,4 ONZ,Other Meats,LI,,2020-04-08,2020-05-28,United States,,,
444390,922174,"JBS USA, LLC",,,076338473991,GROUND BEEF,,112.0,g,4 ONZ,Other Meats,LI,,2020-04-08,2020-05-28,United States,,,
444571,922536,"JBS USA, LLC",,,045310952205,"BEEF, LESS THAN 2% OF: SALT, BROWN SUGAR, SUGAR, CHILI PEPPER, BLACK PEPPER, WHITE PEPPER, CUMIN, RED PEPPER, ALLSPICE, TOMATO POWDER, YEAST EXTRACT, DRIED ONION, DRIED GARLIC, CHIPOTLE PEPPER, NATURAL SMOKE FLAVOR, VINEGAR, NATURAL FLAVORS, ROSEMARY EXTRACT, GREEN TEA EXTRACT, AND CANOLA & OLIVE OIL.",,112.0,g,4 ONZ,Other Meats,LI,,2020-04-08,2020-05-28,United States,,,
475618,984633,"JBS USA, LLC",,,76338428137,GROUND BEEF,,112.0,g,4 ONZ,Other Meats,LI,,2020-04-13,2020-06-26,United States,,,
481495,996387,"JBS USA, LLC",,,76338816651,GROUND BEEF,,112.0,g,1 PATTY,Other Meats,LI,,2020-04-13,2020-06-26,United States,,,
487476,1008349,"JBS USA, LLC",,,76338965250,INGREDIENTS: 100% GRASS FED BEEF,,112.0,g,4 ONZ,Other Meats,LI,,2020-05-14,2020-06-26,United States,,,
498269,1029935,"JBS USA, LLC",,,045310254651,"PORK, SUGAR, LESS THAN 2% OF: TOMATO POWDER, SALT, BLACK PEPPER, CHILI PEPPER, ALLSPICE, CINNAMON, GINGER, PINEAPPLE JUICE CONCENTRATE, MOLASSES, VINEGAR, SMOKED SUGAR, AND NATURAL FLAVORS.",,112.0,g,4 ONZ,Other Meats,LI,,2020-04-08,2020-06-26,United States,,,
499965,1033327,"JBS USA, LLC",,,045310282265,"PORK, LESS THAN 2% OF: DEHYDRATED GARLIC & ONION, SALT, BLACK PEPPER, PARSLEY, CHILI PEPPER, RED PEPPER, THYME, OREGANO, BASIL, SUGAR, TOMATO POWDER, DEHYDRATED RED BELL PEPPER, LEMON JUICE POWDER (LEMON JUICE & LEMON OIL), YEAST EXTRACT, CORN STARCH, EXTRA VIRGIN OLIVE OIL, NATURAL FLAVORS, ROSEMARY EXTRACT, GREEN TEA EXTRACT, AND VINEGAR.",,112.0,g,4 ONZ,Other Meats,LI,,2020-04-08,2020-06-26,United States,,,
501073,1035543,"JBS USA, LLC",,,045310282470,"PORK, LESS THAN 2% OF: SUGAR, SALT, CHILI PEPPER, BLACK PEPPER, CORN STARCH, DEHYDRATED ONION & GARLIC, POTASSIUM SALT, DEHYDRATED BELL PEPPER, DEHYDRATED ORANGE ZEST, SMOKED SUGARS INCLUDING MESQUITE, RED PEPPER EXTRACT, SOYBEAN OIL, ROSEMARY EXTRACT, GREEN TEA EXTRACT, AND VINEGAR.",,112.0,g,4 ONZ,Other Meats,LI,,2020-04-08,2020-06-26,United States,,,
501092,1035581,"JBS USA, LLC",,,045310282579,"PORK, LESS THAN 2% OF: DEHYDRATED GARLIC & ONION, SALT, BLACK PEPPER, CORIANDER, PARSLEY, CARAWAY, MARJORAM, THYME, SUGAR, YEAST EXTRACT, SMOKED SUGAR, DEHYDRATED BELL PEPPER, CORN STARCH, GARLIC EXTRACT, BLACK PEPPER EXTRACT, ASCORBIC ACID (VITAMIN C), ROSEMARY EXTRACT, GREEN TEA EXTRACT, AND VINEGAR.",,112.0,g,4 ONZ,Other Meats,LI,,2020-04-08,2020-06-26,United States,,,
506329,1046055,"JBS USA, LLC",,,076338966660,INGREDIENTS: 100% GRASS FED BEEF,,112.0,g,4 ONZ,Other Meats,LI,,2020-05-14,2020-06-26,United States,,,
507432,1048261,"JBS USA, LLC",,,076338810949,BEEF,,112.0,g,4 ONZ,Other Meats,LI,,2020-05-29,2020-06-26,United States,,,
516574,1066545,"JBS USA, LLC",,,076338966752,100% GRASS FED BEEF,,112.0,g,4 ONZ,Other Meats,LI,,2020-06-19,2020-07-30,United States,,,
576211,1153501,"JBS USA, LLC",,,076338859047,NATURAL BEEF.,,112.0,g,,Other Meats,LI,,2020-11-19,2020-12-30,United States,,,
576221,1153511,"JBS USA, LLC",,,076338859054,NATURAL BEEF.,,112.0,g,,Other Meats,LI,,2020-11-19,2020-12-30,United States,,,
576456,1153746,"JBS USA, LLC",,,076338859016,NATURAL BEEF.,,112.0,g,,Other Meats,LI,,2020-11-19,2020-12-30,United States,,,
585735,1163025,"JBS USA, LLC",,,076338425501,"BEEF, WATER, BEEF HEARTS, SOY FLOUR, SODIUM LACTATE, SALT, SPICES, NATURAL FLAVORINGS, SUGAR, SODIUM ACETATE, ONION, SILICON DIOXIDE, AND YEAST EXTRACT.",,113.0,g,,Other Meats,LI,,2020-12-19,2021-01-28,United States,,,
677918,1255208,"JBS USA, LLC",CERTIFIED ANGUS BEEF,,76338422333,GROUND BEEF.,,112.0,g,,Other Meats,LI,,2018-02-07,2021-02-26,United States,,,
677919,1255209,"JBS USA, LLC","JBS USA, LLC",,76338471515,GROUND BEEF.,,112.0,g,,Other Meats,LI,,2018-02-07,2021-02-26,United States,,,
677920,1255210,"JBS USA, LLC",JBS,,76338472840,GROUND BEEF.,,112.0,g,,Other Meats,LI,,2018-02-07,2021-02-26,United States,,,
677922,1255212,"JBS USA, LLC",JBS USA,,76338474011,BEEF.,,112.0,g,,Other Meats,LI,,2018-02-07,2021-02-26,United States,,,
677923,1255213,"JBS USA, LLC",JBS USA,,76338473144,LEAN GROUND BEEF.,,112.0,g,,Other Meats,LI,,2018-02-07,2021-02-26,United States,,,
689274,1266564,"JBS USA, LLC",CLEAR RIVER FARMS,,76338993765,"BEEF, SOLUTION INGREDIENTS: WATER, POTASSIUM CITRATE, SALT, VINEGAR, NATURAL FLAVOR. *COATED WITH: WATER, SEASONING (MALTODEXTRIN, SPICES, SALT, DEHYDRATED GARLIC, DEHYDRATED ONION, GARLIC POWDER)",,112.0,g,,Other Meats,LI,,2017-10-13,2021-02-26,United States,,,
736022,1313312,"JBS USA, LLC",GOURMET,,76338470150,GROUND BEEF.,,227.0,g,,Other Meats,LI,,2018-02-07,2021-02-26,United States,,,
742243,1319533,"JBS USA, LLC",NOT A BRANDED ITEM,,76338428137,GROUND BEEF,,112.0,g,,Other Meats,LI,,2020-04-13,2021-02-26,United States,,,
752192,1329482,"JBS USA, LLC",MOYER,,76338420353,GROUND BEEF,,112.0,g,,Other Meats,LI,,2020-11-19,2021-02-26,United States,,,
762348,1339638,"JBS USA, LLC",NOT A BRANDED ITEM,,76338816651,GROUND BEEF,,112.0,g,,Other Meats,LI,,2020-04-13,2021-02-26,United States,,,
781793,1359083,"JBS USA, LLC",GRASS RUN FARMS,,76338965250,INGREDIENTS: 100% GRASS FED BEEF,,112.0,g,,Other Meats,LI,,2020-05-14,2021-02-26,United States,,,
792462,1369752,"JBS USA, LLC","JBS USA, LLC",,76338426140,,,112.0,g,,Other Meats,LI,,2018-02-07,2021-02-26,United States,,,
793541,1370831,"JBS USA, LLC",JBS USA,,76338470600,,,112.0,g,,Other Meats,LI,,2018-02-07,2021-02-26,United States,,,
793582,1370872,"JBS USA, LLC",JBS USA,,76338471539,,,112.0,g,,Other Frozen Meats,LI,,2018-02-07,2021-02-26,United States,,,
834565,1411855,"JBS USA, LLC",ADAPTABLE MEALS,,45310254651,"PORK, SUGAR, LESS THAN 2% OF: TOMATO POWDER, SALT, BLACK PEPPER, CHILI PEPPER, ALLSPICE, CINNAMON, GINGER, PINEAPPLE JUICE CONCENTRATE, MOLASSES, VINEGAR, SMOKED SUGAR, AND NATURAL FLAVORS.",,112.0,g,,Other Meats,LI,,2020-04-08,2021-02-26,United States,,,
838232,1415522,"JBS USA, LLC",ADAPTABLE MEALS,,45310282265,"PORK, LESS THAN 2% OF: DEHYDRATED GARLIC & ONION, SALT, BLACK PEPPER, PARSLEY, CHILI PEPPER, RED PEPPER, THYME, OREGANO, BASIL, SUGAR, TOMATO POWDER, DEHYDRATED RED BELL PEPPER, LEMON JUICE POWDER (LEMON JUICE & LEMON OIL), YEAST EXTRACT, CORN STARCH, EXTRA VIRGIN OLIVE OIL, NATURAL FLAVORS, ROSEMARY EXTRACT, GREEN TEA EXTRACT, AND VINEGAR.",,112.0,g,,Other Meats,LI,,2020-04-08,2021-02-26,United States,,,
839466,1416756,"JBS USA, LLC",ADAPTABLE MEALS,,45310282470,"PORK, LESS THAN 2% OF: SUGAR, SALT, CHILI PEPPER, BLACK PEPPER, CORN STARCH, DEHYDRATED ONION & GARLIC, POTASSIUM SALT, DEHYDRATED BELL PEPPER, DEHYDRATED ORANGE ZEST, SMOKED SUGARS INCLUDING MESQUITE, RED PEPPER EXTRACT, SOYBEAN OIL, ROSEMARY EXTRACT, GREEN TEA EXTRACT, AND VINEGAR.",,112.0,g,,Other Meats,LI,,2020-04-08,2021-02-26,United States,,,
839484,1416774,"JBS USA, LLC",ADAPTABLE,,45310282579,"PORK, LESS THAN 2% OF: DEHYDRATED GARLIC & ONION, SALT, BLACK PEPPER, CORIANDER, PARSLEY, CARAWAY, MARJORAM, THYME, SUGAR, YEAST EXTRACT, SMOKED SUGAR, DEHYDRATED BELL PEPPER, CORN STARCH, GARLIC EXTRACT, BLACK PEPPER EXTRACT, ASCORBIC ACID (VITAMIN C), ROSEMARY EXTRACT, GREEN TEA EXTRACT, AND VINEGAR.",,112.0,g,,Other Meats,LI,,2020-04-08,2021-02-26,United States,,,
840019,1417309,"JBS USA, LLC",THINK PURE,,76338473991,GROUND BEEF,,112.0,g,,Other Meats,LI,,2020-04-08,2021-02-26,United States,,,
840206,1417496,"JBS USA, LLC",ADAPTABLE MEALS,,45310952205,"BEEF, LESS THAN 2% OF: SALT, BROWN SUGAR, SUGAR, CHILI PEPPER, BLACK PEPPER, WHITE PEPPER, CUMIN, RED PEPPER, ALLSPICE, TOMATO POWDER, YEAST EXTRACT, DRIED ONION, DRIED GARLIC, CHIPOTLE PEPPER, NATURAL SMOKE FLAVOR, VINEGAR, NATURAL FLAVORS, ROSEMARY EXTRACT, GREEN TEA EXTRACT, AND CANOLA & OLIVE OIL.",,112.0,g,,Other Meats,LI,,2020-04-08,2021-02-26,United States,,,
855237,1432527,"JBS USA, LLC",GRASS RUN FARMS,,76338966660,INGREDIENTS: 100% GRASS FED BEEF,,112.0,g,,Other Meats,LI,,2020-06-16,2021-02-26,United States,,,
856251,1433541,"JBS USA, LLC",NOT A BRANDED ITEM,,76338810949,BEEF,,112.0,g,,Other Meats,LI,,2020-06-16,2021-02-26,United States,,,
860872,1438162,"JBS USA, LLC",GRASS RUN FARMS,,76338966752,100% GRASS FED BEEF,,112.0,g,,Other Meats,LI,,2020-06-19,2021-02-26,United States,,,
866073,1443363,"JBS USA, LLC",GRASS RUN FARMS,,76338966707,100% GRASS FED BEEF,,112.0,g,,Other Meats,LI,,2020-09-21,2021-02-26,United States,,,
866800,1444090,"JBS USA, LLC",GRASS RUN FARMS,,76338967087,100% GRASS FED BEEF,,112.0,g,,Other Meats,LI,,2020-09-21,2021-02-26,United States,,,
867608,1444898,"JBS USA, LLC",NOT A BRANDED ITEM,,76338811045,GROUND BEEF,,112.0,g,,Other Meats,LI,,2020-10-26,2021-02-26,United States,,,
871361,1448651,"JBS USA, LLC",ASPEN RIDGE,,76338859047,NATURAL BEEF.,,112.0,g,,Other Meats,LI,,2020-11-19,2021-02-26,United States,,,
871370,1448660,"JBS USA, LLC",ASPEN RIDGE,,76338859054,NATURAL BEEF.,,112.0,g,,Other Meats,LI,,2020-11-19,2021-02-26,United States,,,
871598,1448888,"JBS USA, LLC",ASPEN RIDGE,,76338859016,NATURAL BEEF.,,112.0,g,,Other Meats,LI,,2020-11-19,2021-02-26,United States,,,
874681,1451971,"JBS USA, LLC",HILL COUNTRY FARE,,76338425501,"BEEF, WATER, BEEF HEARTS, SOY FLOUR, SODIUM LACTATE, SALT, SPICES, NATURAL FLAVORINGS, SUGAR, SODIUM ACETATE, ONION, SILICON DIOXIDE, AND YEAST EXTRACT.",,113.0,g,,Other Meats,LI,,2021-01-22,2021-02-26,United States,,,
877930,1455220,"JBS USA, LLC",HILL COUNTRY FARE,,76338425518,"BEEF, WATER, BEEF HEARTS, SOY FLOUR, SODIUM LACTATE, SALT, SPICES, NATURAL FLAVORINGS, SUGAR, SODIUM ACETATE, ONION, SILICON DIOXIDE, AND YEAST EXTRACT.",,113.0,g,,Other Meats,LI,,2021-01-22,2021-02-26,United States,,,
969985,1547275,"JBS USA, LLC",CERTIFIED ANGUS BEEF,,76338422333,GROUND BEEF.,,112.0,g,,Other Meats,LI,,2018-02-07,2021-03-19,United States,,,
969986,1547276,"JBS USA, LLC","JBS USA, LLC",,76338471515,GROUND BEEF.,,112.0,g,,Other Meats,LI,,2018-02-07,2021-03-19,United States,,,
969987,1547277,"JBS USA, LLC",JBS,,76338472840,GROUND BEEF.,,112.0,g,,Other Meats,LI,,2018-02-07,2021-03-19,United States,,,
969989,1547279,"JBS USA, LLC",JBS USA,,76338474011,BEEF.,,112.0,g,,Other Meats,LI,,2018-02-07,2021-03-19,United States,,,
969990,1547280,"JBS USA, LLC",JBS USA,,76338473144,LEAN GROUND BEEF.,,112.0,g,,Other Meats,LI,,2018-02-07,2021-03-19,United States,,,
981354,1558644,"JBS USA, LLC",CLEAR RIVER FARMS,,76338993765,"BEEF, SOLUTION INGREDIENTS: WATER, POTASSIUM CITRATE, SALT, VINEGAR, NATURAL FLAVOR. *COATED WITH: WATER, SEASONING (MALTODEXTRIN, SPICES, SALT, DEHYDRATED GARLIC, DEHYDRATED ONION, GARLIC POWDER)",,112.0,g,,Other Meats,LI,,2017-10-13,2021-03-19,United States,,,
1028139,1605429,"JBS USA, LLC",GOURMET,,76338470150,GROUND BEEF.,,227.0,g,,Other Meats,LI,,2018-02-07,2021-03-19,United States,,,
1034373,1611663,"JBS USA, LLC",NOT A BRANDED ITEM,,76338428137,GROUND BEEF,,112.0,g,,Other Meats,LI,,2020-04-13,2021-03-19,United States,,,
1044335,1621625,"JBS USA, LLC",MOYER,,76338420353,GROUND BEEF,,112.0,g,,Other Meats,LI,,2020-11-19,2021-03-19,United States,,,
1054498,1631788,"JBS USA, LLC",NOT A BRANDED ITEM,,76338816651,GROUND BEEF,,112.0,g,,Other Meats,LI,,2020-04-13,2021-03-19,United States,,,
1073983,1651273,"JBS USA, LLC",GRASS RUN FARMS,,76338965250,INGREDIENTS: 100% GRASS FED BEEF,,112.0,g,,Other Meats,LI,,2020-05-14,2021-03-19,United States,,,
1084671,1661961,"JBS USA, LLC","JBS USA, LLC",,76338426140,,,112.0,g,,Other Meats,LI,,2018-02-07,2021-03-19,United States,,,
1085751,1663041,"JBS USA, LLC",JBS USA,,76338470600,,,112.0,g,,Other Meats,LI,,2018-02-07,2021-03-19,United States,,,
1085792,1663082,"JBS USA, LLC",JBS USA,,76338471539,,,112.0,g,,Other Frozen Meats,LI,,2018-02-07,2021-03-19,United States,,,
1126845,1704135,"JBS USA, LLC",ADAPTABLE MEALS,,45310254651,"PORK, SUGAR, LESS THAN 2% OF: TOMATO POWDER, SALT, BLACK PEPPER, CHILI PEPPER, ALLSPICE, CINNAMON, GINGER, PINEAPPLE JUICE CONCENTRATE, MOLASSES, VINEGAR, SMOKED SUGAR, AND NATURAL FLAVORS.",,112.0,g,,Other Meats,LI,,2020-04-08,2021-03-19,United States,,,
1130511,1707801,"JBS USA, LLC",ADAPTABLE MEALS,,45310282265,"PORK, LESS THAN 2% OF: DEHYDRATED GARLIC & ONION, SALT, BLACK PEPPER, PARSLEY, CHILI PEPPER, RED PEPPER, THYME, OREGANO, BASIL, SUGAR, TOMATO POWDER, DEHYDRATED RED BELL PEPPER, LEMON JUICE POWDER (LEMON JUICE & LEMON OIL), YEAST EXTRACT, CORN STARCH, EXTRA VIRGIN OLIVE OIL, NATURAL FLAVORS, ROSEMARY EXTRACT, GREEN TEA EXTRACT, AND VINEGAR.",,112.0,g,,Other Meats,LI,,2020-04-08,2021-03-19,United States,,,
1131746,1709036,"JBS USA, LLC",ADAPTABLE MEALS,,45310282470,"PORK, LESS THAN 2% OF: SUGAR, SALT, CHILI PEPPER, BLACK PEPPER, CORN STARCH, DEHYDRATED ONION & GARLIC, POTASSIUM SALT, DEHYDRATED BELL PEPPER, DEHYDRATED ORANGE ZEST, SMOKED SUGARS INCLUDING MESQUITE, RED PEPPER EXTRACT, SOYBEAN OIL, ROSEMARY EXTRACT, GREEN TEA EXTRACT, AND VINEGAR.",,112.0,g,,Other Meats,LI,,2020-04-08,2021-03-19,United States,,,
1131764,1709054,"JBS USA, LLC",ADAPTABLE,,45310282579,"PORK, LESS THAN 2% OF: DEHYDRATED GARLIC & ONION, SALT, BLACK PEPPER, CORIANDER, PARSLEY, CARAWAY, MARJORAM, THYME, SUGAR, YEAST EXTRACT, SMOKED SUGAR, DEHYDRATED BELL PEPPER, CORN STARCH, GARLIC EXTRACT, BLACK PEPPER EXTRACT, ASCORBIC ACID (VITAMIN C), ROSEMARY EXTRACT, GREEN TEA EXTRACT, AND VINEGAR.",,112.0,g,,Other Meats,LI,,2020-04-08,2021-03-19,United States,,,
1132300,1709590,"JBS USA, LLC",THINK PURE,,76338473991,GROUND BEEF,,112.0,g,,Other Meats,LI,,2020-04-08,2021-03-19,United States,,,
1132486,1709776,"JBS USA, LLC",ADAPTABLE MEALS,,45310952205,"BEEF, LESS THAN 2% OF: SALT, BROWN SUGAR, SUGAR, CHILI PEPPER, BLACK PEPPER, WHITE PEPPER, CUMIN, RED PEPPER, ALLSPICE, TOMATO POWDER, YEAST EXTRACT, DRIED ONION, DRIED GARLIC, CHIPOTLE PEPPER, NATURAL SMOKE FLAVOR, VINEGAR, NATURAL FLAVORS, ROSEMARY EXTRACT, GREEN TEA EXTRACT, AND CANOLA & OLIVE OIL.",,112.0,g,,Other Meats,LI,,2020-04-08,2021-03-19,United States,,,
1147538,1724828,"JBS USA, LLC",GRASS RUN FARMS,,076338966660,INGREDIENTS: 100% GRASS FED BEEF,,112.0,g,,Other Meats,LI,,2020-06-16,2021-03-19,United States,,,
1148552,1725842,"JBS USA, LLC",NOT A BRANDED ITEM,,076338810949,BEEF,,112.0,g,,Other Meats,LI,,2020-06-16,2021-03-19,United States,,,
1153176,1730466,"JBS USA, LLC",GRASS RUN FARMS,,076338966752,100% GRASS FED BEEF,,112.0,g,,Other Meats,LI,,2020-06-19,2021-03-19,United States,,,
1158379,1735669,"JBS USA, LLC",GRASS RUN FARMS,,076338966707,100% GRASS FED BEEF,,112.0,g,,Other Meats,LI,,2020-09-21,2021-03-19,United States,,,
1159108,1736398,"JBS USA, LLC",GRASS RUN FARMS,,076338967087,100% GRASS FED BEEF,,112.0,g,,Other Meats,LI,,2020-09-21,2021-03-19,United States,,,
1159916,1737206,"JBS USA, LLC",NOT A BRANDED ITEM,,076338811045,GROUND BEEF,,112.0,g,,Other Meats,LI,,2020-10-26,2021-03-19,United States,,,
1163669,1740959,"JBS USA, LLC",ASPEN RIDGE,,076338859047,NATURAL BEEF.,,112.0,g,,Other Meats,LI,,2020-11-19,2021-03-19,United States,,,
1163678,1740968,"JBS USA, LLC",ASPEN RIDGE,,076338859054,NATURAL BEEF.,,112.0,g,,Other Meats,LI,,2020-11-19,2021-03-19,United States,,,
1163906,1741196,"JBS USA, LLC",ASPEN RIDGE,,076338859016,NATURAL BEEF.,,112.0,g,,Other Meats,LI,,2020-11-19,2021-03-19,United States,,,
1166988,1744278,"JBS USA, LLC",HILL COUNTRY FARE,,076338425501,"BEEF, WATER, BEEF HEARTS, SOY FLOUR, SODIUM LACTATE, SALT, SPICES, NATURAL FLAVORINGS, SUGAR, SODIUM ACETATE, ONION, SILICON DIOXIDE, AND YEAST EXTRACT.",,113.0,g,,Other Meats,LI,,2021-01-22,2021-03-19,United States,,,
1170276,1747566,"JBS USA, LLC",HILL COUNTRY FARE,,076338425518,"BEEF, WATER, BEEF HEARTS, SOY FLOUR, SODIUM LACTATE, SALT, SPICES, NATURAL FLAVORINGS, SUGAR, SODIUM ACETATE, ONION, SILICON DIOXIDE, AND YEAST EXTRACT.",,113.0,g,,Other Meats,LI,,2021-01-22,2021-03-19,United States,,,
1192442,1776791,"JBS USA, LLC",SHOWCASE,,76338474042,GROUND BEEF,,112.0,g,,Other Meats,LI,5 lbs,2018-02-17,2021-06-17,United States,,,
1192444,1776793,"JBS USA, LLC",GRASS RUN FARMS,,76338965045,100% GRASS FED BEEF,"NOT A SIGNIFICANT SOURCE OF DIETARY FIBER, SUGARS, VITAMIN A, VITAMIN C, AND CALCIUM.",112.0,g,,Other Meats,LI,1 lbs,2019-03-23,2021-06-17,United States,,,
1206176,1790525,"JBS USA, LLC",SHOWCASE,,76338480265,USDA PRIME GROUND BEEF CHUCK.,,112.0,g,,Other Meats,LI,1 lbs,2018-02-07,2021-06-17,United States,,,
1210832,1795181,"JBS USA, LLC",,,76338428137,GROUND BEEF,,112.0,g,,Other Meats,LI,3 lbs,2021-03-23,2021-06-17,United States,,,
1212192,1796541,"JBS USA, LLC",GOURMET BURGER,,76338816255,GROUND BEEF,,112.0,g,,Other Meats,LI,1 lbs,2018-02-07,2021-06-17,United States,,,
1215286,1799635,"JBS USA, LLC",JBS USA FOOD COMPANY,,76338816668,GROUND BEEF,,112.0,g,,Other Meats,LI,1 lbs,2018-02-07,2021-06-17,United States,,,
1215288,1799637,"JBS USA, LLC",,,76338816651,GROUND BEEF,,112.0,g,,Other Meats,LI,1 lbs,2021-03-23,2021-06-17,United States,,,
1219960,1804309,"JBS USA, LLC",GOURMET BURGER,,76338470044,GROUND BEEF,,151.0,g,,Other Meats,LI,1.33 lbs,2018-02-07,2021-06-17,United States,,,
1220632,1804981,"JBS USA, LLC",JBS USA FOOD COMPANY,,76338816132,BEEF,,112.0,g,,Other Meats,LI,1 lbs,2018-02-07,2021-06-17,United States,,,
1222344,1806693,"JBS USA, LLC",GRASS RUN FARMS,,76338966646,100% GRASS FED BEEF,"NOT A SIGNIFICANT SOURCE OF DIETARY FIBER, SUGARS, VITAMIN A, VITAMIN C, AND CALCIUM.",112.0,g,,Other Meats,LI,284 g,2019-03-23,2021-06-17,United States,,,
1222428,1806777,"JBS USA, LLC",GRASS RUN FARMS,,76338966653,100% GRASS FED BEEF,"NOT A SIGNIFICANT SOURCE OF DIETARY FIBER, SUGARS, VITAMIN A, VITAMIN C, AND CALCIUM.",112.0,g,,Other Meats,LI,284 g,2019-03-23,2021-06-17,United States,,,
1223304,1807653,"JBS USA, LLC",JBS USA FOOD COMPANY,,76338810215,GROUND BEEF,"NOT A SIGNIFICANT SOURCE OF DIETARY FIBER, SUGARS, VITAMIN A, AND VITAMIN C.",151.0,g,,Other Meats,LI,1.33 lbs,2018-02-07,2021-06-17,United States,,,
1223839,1808188,"JBS USA, LLC",GOLD,,45310909483,"WATER, SALT, SUGAR, SODIUM PHOSPHATES, SODIUM ERYTHORBATE, SODIUM NITRITE.","NOT A SIGNIFICANT SOURCE OF DIETARY FIBER, SUGARS, VITAMIN A, VITAMIN C, AND CALCIUM.",12.0,g,,"Bacon, Sausages & Ribs",LI,12 oz,2018-09-07,2021-06-17,United States,,,
1226790,1811139,"JBS USA, LLC",ADAPTABLE,,45310281275,"SUGAR, SALT, MALTODEXTRIN, SPICES, DEHYDRATED ONION & GARLIC, DEHYDRATED BELL PEPPERS, POTASSIUM CHLORIDE, DEHYDRATED ORANGE PEEL, NATURAL FLAVORS (INCLUDING SMOKE), CITRIC ACID.",,112.0,g,,Other Meats,LI,1 lbs,2018-06-14,2021-06-17,United States,,,
1227133,1811482,"JBS USA, LLC",ADAPTABLE MEALS,,45310281268,"PORK, SALT, DEHYDRATED GARLIC, SPICES, DEHYDRATED ONION, DEXTROSE, TOMATO POWDER, DEHYDRATED RED BELL PEPPER, EXTRA VIRGIN OLIVE OIL, CORN SYRUP SOLIDS, YEAST EXTRACT, CHILI PEPPER, CITRIC ACID, DEHYDRATED PARSLEY, LEMON JUICE SOLIDS, NATURAL FLAVORS.",,112.0,g,,Other Meats,LI,1 lbs,2018-06-14,2021-06-17,United States,,,
1227602,1811951,"JBS USA, LLC",GRASS RUN FARMS,,76338966929,"100% GRASS FED BEEF, WATER, SEA SALT, SPICES INCLUDING PAPRIKA, TURBINADO SUGAR, NATURAL FLAVORINGS, CULTURED CELERY POWDER.",,68.0,g,,"Sausages, Hotdogs & Brats",LI,340 g,2019-03-23,2021-06-17,United States,,,
1229425,1813774,"JBS USA, LLC",GRASS RUN FARMS,,76338966677,100% GRASS FED BEEF,"NOT A SIGNIFICANT SOURCE OF DIETARY FIBER, SUGARS, VITAMIN A, VITAMIN C, AND CALCIUM.",112.0,g,,Other Meats,LI,1.5 lbs,2019-03-23,2021-06-17,United States,,,
1232634,1816983,"JBS USA, LLC",GRASS RUN FARMS,,76338967575,100% GRASS FED BEEF,"NOT A SIGNIFICANT SOURCE OF DIETARY FIBER, SUGARS, VITAMIN A, AND VITAMIN C.",151.0,g,,Frozen Patties and Burgers,LI,2 lbs,2018-11-01,2021-06-17,United States,,,
1237119,1821468,"JBS USA, LLC",GRASS RUN FARMS,,76338966943,"100% GRASS FED BEEF, WATER, SEA SALT, SPICES INCLUDING PAPRIKA, TURBINADO SUGAR, CULTURED CELERY POWDER, NATURAL FLAVORINGS.",,56.0,g,,"Sausages, Hotdogs & Brats",LI,340 g,2019-07-04,2021-06-17,United States,,,
1237120,1821469,"JBS USA, LLC",GRASS RUN FARMS,,76338966691,100% GRASS FED BEEF,"NOT A SIGNIFICANT SOURCE OF DIETARY FIBER, SUGARS, VITAMIN A, VITAMIN C, AND CALCIUM.",112.0,g,,Other Meats,LI,227 g,2019-03-23,2021-06-17,United States,,,
1237121,1821470,"JBS USA, LLC",GRASS RUN FARMS,,76338966936,"100% GRASS FED BEEF, WATER, SEA SALT, SPICES INCLUDING PAPRIKA, PEPPER FLAKES, TURBINADO SUGAR, CULTURED CELERY POWDER, DEHYDRATED JALAPENO, NATURAL FLAVORINGS, CAYENNE PEPPER.",,68.0,g,,"Sausages, Hotdogs & Brats",LI,340 g,2019-03-23,2021-06-17,United States,,,
1237123,1821472,"JBS USA, LLC",GRASS RUN FARMS,,76338965199,100% GRASS FED BEEF,"NOT A SIGNIFICANT SOURCE OF DIETARY FIBER, SUGARS, VITAMIN A, VITAMIN C, AND CALCIUM.",112.0,g,,Other Meats,LI,1 lbs,2019-07-25,2021-06-17,United States,,,
1237125,1821474,"JBS USA, LLC",GRASS RUN FARMS,,76338966684,100% GRASS FED BEEF,"NOT A SIGNIFICANT SOURCE OF DIETARY FIBER, SUGARS, VITAMIN A, VITAMIN C, AND CALCIUM.",112.0,g,,Other Meats,LI,1 lbs,2019-04-12,2021-06-17,United States,,,
1242482,1826831,"JBS USA, LLC",GOOD NATURE,,76338810819,BEEF,"NOT A SIGNIFICANT SOURCE OF DIETARY FIBER, SUGARS, VITAMIN A, VITAMIN C, AND CALCIUM.",112.0,g,,Other Meats,LI,,2021-04-09,2021-06-17,United States,,,
1242791,1827140,"JBS USA, LLC",GRASS RUN FARMS,,76338965137,100% GRASS FED BEEF,"NOT A SIGNIFICANT SOURCE OF DIETARY FIBER, SUGARS, VITAMIN A, AND VITAMIN C.",151.0,g,,Other Meats,LI,1 lbs,2019-10-26,2021-06-17,United States,,,
1243160,1827509,"JBS USA, LLC",ADAPTABLE MEALS,,45310950300,"BEEF, LESS THAN 2% OF: SALT, BROWN SUGAR, BLACK PEPPER, GINGER, ALLSPICE, DRIED ONION & GARLIC, MOLASSES, NATURAL FLAVORS, NATURAL SMOKE FLAVOR, BOURBON, BLACK PEPPER EXTRACT, MAPLE SYRUP, SOYBEAN OIL, VINEGAR, CANOLA AND OLIVE OIL.",,170.0,g,,Other Meats,LI,.75 lbs,2019-09-24,2021-06-17,United States,,,
1243162,1827511,"JBS USA, LLC",ADAPTABLE MEALS,,45310253654,"PORK, LESS THAN 2% OF: SUGAR, SALT, CHILI PEPPER, BLACK PEPPER, CORN STARCH, DEHYDRATED ONION & GARLIC, POTASSIUM SALT, DEHYDRATED BELL PEPPER & ORANGE ZEST, SMOKED SUGARS INCLUDING MESQUITE, RED PEPPER EXTRACT, AND SOYBEAN OIL.",,112.0,g,,Other Meats,LI,1.75 lbs,2019-09-24,2021-06-17,United States,,,
1243166,1827515,"JBS USA, LLC",ADAPTABLE MEALS,,45310253753,"PORK, LESS THAN 2% OF: SEA SALT, BLACK PEPPER, THYME, CUMIN, OREGANO, BAY LEAVES, DRIED ONION, CHILI PEPPER, DRIED GARLIC, YEAST EXTRACT, POTASSIUM CHLORIDE, NATURAL FLAVORS, LIME JUICE CONCENTRATE, CHIPOTLE PEPPER, AND LACTIC ACID.",,112.0,g,,Other Meats,LI,1.75 lbs,2019-09-24,2021-06-17,United States,,,
1243180,1827529,"JBS USA, LLC",ADAPTABLE MEALS,,76338150014,"BEEF, LESS THAN 2% OF: DEHYDRATED ONION & GARLIC, SEA SALT, SPICES (BLACK PEPPER, CHILI PEPPER), WORCESTERSHIRE SAUCE POWDER (MALTODEXTRIN, WORCESTERSHIRE SAUCE (DISTILLED VINEGAR, MOLASSES, CORN SYRUP, SALT, CARAMEL COLOR, GARLIC POWDER, SUGAR, SPICES, TAMARIND, NATURAL FLAVOR), BROWN SUGAR, DEHYDRATED BEEF STOCK & BEEF FLAVOR, TOMATO POWDER, YEAST EXTRACT, SMOKED SUGAR, NATURAL ROSEMARY EXTRACT, OLIVE OIL, CANOLA OIL AND POTASSIUM CHLORIDE.",,141.0,g,,Other Meats,LI,.625 lbs,2019-09-24,2021-06-17,United States,,,
1245424,1829773,"JBS USA, LLC",,,76338810949,BEEF,"Not a significant source of Dietary Fiber,Sugars, Vitamin A, Vitamin C, and Calcium.",112.0,g,,Other Meats,LI,1 LB,2021-03-23,2021-06-17,United States,,,
1246096,1830445,"JBS USA, LLC",,,76338811045,GROUND BEEF,"Not a significant source of Dietary Fiber,Sugars, Vitamin A, Vitamin C, and Calcium.",112.0,g,,Other Meats,LI,4 LBS,2021-03-23,2021-06-17,United States,,,
1250039,1834388,"JBS USA, LLC",GRASS RUN FARMS,,76338967568,100% GRASS FED BEEF,"NOT A SIGNIFICANT SOURCE OF DIETARY FIBER, SUGARS, VITAMIN A, AND VITAMIN C.",151.0,g,,Frozen Patties and Burgers,LI,,2021-04-27,2021-06-17,United States,,,
1255437,1839433,"JBS USA, LLC",SHOWCASE,,76338474042,GROUND BEEF,,112.0,g,,Other Meats,LI,5 lbs,2018-02-17,2021-06-25,United States,,,
1255439,1839435,"JBS USA, LLC",GRASS RUN FARMS,,76338965045,100% GRASS FED BEEF,"NOT A SIGNIFICANT SOURCE OF DIETARY FIBER, SUGARS, VITAMIN A, VITAMIN C, AND CALCIUM.",112.0,g,,Other Meats,LI,1 lbs,2019-03-23,2021-06-25,United States,,,
1256185,1840181,"JBS USA, LLC",SHOWCASE,,76338480265,USDA PRIME GROUND BEEF CHUCK.,,112.0,g,,Other Meats,LI,1 lbs,2018-02-07,2021-06-25,United States,,,
1256532,1840528,"JBS USA, LLC",,,76338428137,GROUND BEEF,,112.0,g,,Other Meats,LI,3 lbs,2021-03-23,2021-06-25,United States,,,
1256618,1840614,"JBS USA, LLC",GOURMET BURGER,,76338816255,GROUND BEEF,,112.0,g,,Other Meats,LI,1 lbs,2018-02-07,2021-06-25,United States,,,
1256889,1840885,"JBS USA, LLC",JBS USA FOOD COMPANY,,76338816668,GROUND BEEF,,112.0,g,,Other Meats,LI,1 lbs,2018-02-07,2021-06-25,United States,,,
1256891,1840887,"JBS USA, LLC",,,76338816651,GROUND BEEF,,112.0,g,,Other Meats,LI,1 lbs,2021-03-23,2021-06-25,United States,,,
1257632,1841628,"JBS USA, LLC",GOURMET BURGER,,76338470044,GROUND BEEF,,151.0,g,,Other Meats,LI,1.33 lbs,2018-02-07,2021-06-25,United States,,,
1257713,1841709,"JBS USA, LLC",JBS USA FOOD COMPANY,,76338816132,BEEF,,112.0,g,,Other Meats,LI,1 lbs,2018-02-07,2021-06-25,United States,,,
1257889,1841885,"JBS USA, LLC",JBS USA FOOD COMPANY,,76338810215,GROUND BEEF,"NOT A SIGNIFICANT SOURCE OF DIETARY FIBER, SUGARS, VITAMIN A, AND VITAMIN C.",151.0,g,,Other Meats,LI,1.33 lbs,2018-02-07,2021-06-25,United States,,,
1258268,1842264,"JBS USA, LLC",ADAPTABLE,,45310281275,"SUGAR, SALT, MALTODEXTRIN, SPICES, DEHYDRATED ONION & GARLIC, DEHYDRATED BELL PEPPERS, POTASSIUM CHLORIDE, DEHYDRATED ORANGE PEEL, NATURAL FLAVORS (INCLUDING SMOKE), CITRIC ACID.",,112.0,g,,Other Meats,LI,1 lbs,2018-06-14,2021-06-25,United States,,,
1258311,1842307,"JBS USA, LLC",ADAPTABLE MEALS,,45310281268,"PORK, SALT, DEHYDRATED GARLIC, SPICES, DEHYDRATED ONION, DEXTROSE, TOMATO POWDER, DEHYDRATED RED BELL PEPPER, EXTRA VIRGIN OLIVE OIL, CORN SYRUP SOLIDS, YEAST EXTRACT, CHILI PEPPER, CITRIC ACID, DEHYDRATED PARSLEY, LEMON JUICE SOLIDS, NATURAL FLAVORS.",,112.0,g,,Other Meats,LI,1 lbs,2018-06-14,2021-06-25,United States,,,
1258540,1842536,"JBS USA, LLC",GRASS RUN FARMS,,76338966677,100% GRASS FED BEEF,"NOT A SIGNIFICANT SOURCE OF DIETARY FIBER, SUGARS, VITAMIN A, VITAMIN C, AND CALCIUM.",112.0,g,,Other Meats,LI,1.5 lbs,2019-03-23,2021-06-25,United States,,,
1258823,1842819,"JBS USA, LLC",GRASS RUN FARMS,,76338967575,100% GRASS FED BEEF,"NOT A SIGNIFICANT SOURCE OF DIETARY FIBER, SUGARS, VITAMIN A, AND VITAMIN C.",151.0,g,,Frozen Patties and Burgers,LI,2 lbs,2018-11-01,2021-06-25,United States,,,
1259160,1843156,"JBS USA, LLC",GRASS RUN FARMS,,76338965199,100% GRASS FED BEEF,"NOT A SIGNIFICANT SOURCE OF DIETARY FIBER, SUGARS, VITAMIN A, VITAMIN C, AND CALCIUM.",112.0,g,,Other Meats,LI,1 lbs,2019-07-25,2021-06-25,United States,,,
1259162,1843158,"JBS USA, LLC",GRASS RUN FARMS,,76338966684,100% GRASS FED BEEF,"NOT A SIGNIFICANT SOURCE OF DIETARY FIBER, SUGARS, VITAMIN A, VITAMIN C, AND CALCIUM.",112.0,g,,Other Meats,LI,1 lbs,2019-04-12,2021-06-25,United States,,,
1259740,1843736,"JBS USA, LLC",GRASS RUN FARMS,,76338965137,100% GRASS FED BEEF,"NOT A SIGNIFICANT SOURCE OF DIETARY FIBER, SUGARS, VITAMIN A, AND VITAMIN C.",151.0,g,,Other Meats,LI,1 lbs,2019-10-26,2021-06-25,United States,,,
1259765,1843761,"JBS USA, LLC",ADAPTABLE MEALS,,45310950300,"BEEF, LESS THAN 2% OF: SALT, BROWN SUGAR, BLACK PEPPER, GINGER, ALLSPICE, DRIED ONION & GARLIC, MOLASSES, NATURAL FLAVORS, NATURAL SMOKE FLAVOR, BOURBON, BLACK PEPPER EXTRACT, MAPLE SYRUP, SOYBEAN OIL, VINEGAR, CANOLA AND OLIVE OIL.",,170.0,g,,Other Meats,LI,.75 lbs,2019-09-24,2021-06-25,United States,,,
1259767,1843763,"JBS USA, LLC",ADAPTABLE MEALS,,45310253654,"PORK, LESS THAN 2% OF: SUGAR, SALT, CHILI PEPPER, BLACK PEPPER, CORN STARCH, DEHYDRATED ONION & GARLIC, POTASSIUM SALT, DEHYDRATED BELL PEPPER & ORANGE ZEST, SMOKED SUGARS INCLUDING MESQUITE, RED PEPPER EXTRACT, AND SOYBEAN OIL.",,112.0,g,,Other Meats,LI,1.75 lbs,2019-09-24,2021-06-25,United States,,,
1259769,1843765,"JBS USA, LLC",ADAPTABLE MEALS,,45310253753,"PORK, LESS THAN 2% OF: SEA SALT, BLACK PEPPER, THYME, CUMIN, OREGANO, BAY LEAVES, DRIED ONION, CHILI PEPPER, DRIED GARLIC, YEAST EXTRACT, POTASSIUM CHLORIDE, NATURAL FLAVORS, LIME JUICE CONCENTRATE, CHIPOTLE PEPPER, AND LACTIC ACID.",,112.0,g,,Other Meats,LI,1.75 lbs,2019-09-24,2021-06-25,United States,,,
1259773,1843769,"JBS USA, LLC",ADAPTABLE MEALS,,76338150014,"BEEF, LESS THAN 2% OF: DEHYDRATED ONION & GARLIC, SEA SALT, SPICES (BLACK PEPPER, CHILI PEPPER), WORCESTERSHIRE SAUCE POWDER (MALTODEXTRIN, WORCESTERSHIRE SAUCE (DISTILLED VINEGAR, MOLASSES, CORN SYRUP, SALT, CARAMEL COLOR, GARLIC POWDER, SUGAR, SPICES, TAMARIND, NATURAL FLAVOR), BROWN SUGAR, DEHYDRATED BEEF STOCK & BEEF FLAVOR, TOMATO POWDER, YEAST EXTRACT, SMOKED SUGAR, NATURAL ROSEMARY EXTRACT, OLIVE OIL, CANOLA OIL AND POTASSIUM CHLORIDE.",,141.0,g,,Other Meats,LI,.625 lbs,2019-09-24,2021-06-25,United States,,,
1260436,1844432,"JBS USA, LLC",,,76338810949,BEEF,"Not a significant source of Dietary Fiber,Sugars, Vitamin A, Vitamin C, and Calcium.",112.0,g,,Other Meats,LI,1 LB,2021-03-23,2021-06-25,United States,,,
1260730,1844726,"JBS USA, LLC",,,76338811045,GROUND BEEF,"Not a significant source of Dietary Fiber,Sugars, Vitamin A, Vitamin C, and Calcium.",112.0,g,,Other Meats,LI,4 LBS,2021-03-23,2021-06-25,United States,,,
1261955,1845951,"JBS USA, LLC",ADAPTABLE MEALS,,45310562572,"PORK. LESS THAN 2% OF: DEHYDRATED ONION DEHYDRATED GARLIC, BLACK PEPPER, BASIL, OREGANO, THYME, ROSEMARY, SUGAR, OLIVE OIL, SHERRY WINE SOLIDS, MOLASSES, CARAMEL COLOR, NATURAL FLAVOR. MALIC ACID, POTASSIUM CHLORIDE, TORULA YEAST, SALT, AND MALTODEXTRIN.",,135.0,g,,Other Meats,LI,12.8 OZ,2021-05-27,2021-06-25,United States,,,
1267914,1888196,"JBS USA, LLC",SHOWCASE,,76338474042,GROUND BEEF,,112.0,g,,Other Meats,LI,80 oz/5 lbs,2018-02-17,2021-07-29,United States,,,
1267915,1888197,"JBS USA, LLC",GRASS RUN FARMS,,76338965045,100% GRASS FED BEEF,"NOT A SIGNIFICANT SOURCE OF DIETARY FIBER, SUGARS, VITAMIN A, VITAMIN C, AND CALCIUM.",112.0,g,,Other Meats,LI,16 oz/1 lbs,2019-03-23,2021-07-29,United States,,,
1292537,1912819,"JBS USA, LLC",SHOWCASE,,76338480265,USDA PRIME GROUND BEEF CHUCK.,,112.0,g,,Other Meats,LI,16 oz/1 lbs,2018-02-07,2021-07-29,United States,,,
1299711,1919993,"JBS USA, LLC",,,76338428137,GROUND BEEF,,112.0,g,,Other Meats,LI,48 oz/3 lbs,2021-03-23,2021-07-29,United States,,,
1302463,1922745,"JBS USA, LLC",GOURMET BURGER,,76338816255,GROUND BEEF,,112.0,g,,Other Meats,LI,16 oz/1 lbs,2018-02-07,2021-07-29,United States,,,
1307540,1927822,"JBS USA, LLC",JBS USA FOOD COMPANY,,76338816668,GROUND BEEF,,112.0,g,,Other Meats,LI,16 oz/1 lbs,2018-02-07,2021-07-29,United States,,,
1307541,1927823,"JBS USA, LLC",,,76338816651,GROUND BEEF,,112.0,g,,Other Meats,LI,16 oz/1 lbs,2021-03-23,2021-07-29,United States,,,
1315692,1935974,"JBS USA, LLC",GOURMET BURGER,,76338470044,GROUND BEEF,,151.0,g,,Other Meats,LI,21.28 oz/1.33 lbs,2018-02-07,2021-07-29,United States,,,
1317166,1937448,"JBS USA, LLC",JBS USA FOOD COMPANY,,76338816132,BEEF,,112.0,g,,Other Meats,LI,16 oz/1 lbs,2018-02-07,2021-07-29,United States,,,
1320362,1940644,"JBS USA, LLC",GRASS RUN FARMS,,76338966646,100% GRASS FED BEEF,"NOT A SIGNIFICANT SOURCE OF DIETARY FIBER, SUGARS, VITAMIN A, VITAMIN C, AND CALCIUM.",112.0,g,,Other Meats,LI,10 oz/284 g,2019-03-23,2021-07-29,United States,,,
1320534,1940816,"JBS USA, LLC",GRASS RUN FARMS,,76338966653,100% GRASS FED BEEF,"NOT A SIGNIFICANT SOURCE OF DIETARY FIBER, SUGARS, VITAMIN A, VITAMIN C, AND CALCIUM.",112.0,g,,Other Meats,LI,10 oz/284 g,2019-03-23,2021-07-29,United States,,,
1322086,1942368,"JBS USA, LLC",JBS USA FOOD COMPANY,,76338810215,GROUND BEEF,"NOT A SIGNIFICANT SOURCE OF DIETARY FIBER, SUGARS, VITAMIN A, AND VITAMIN C.",151.0,g,,Other Meats,LI,21.32 oz/1.33 lbs,2018-02-07,2021-07-29,United States,,,
1322965,1943247,"JBS USA, LLC",GOLD,,45310909483,"WATER, SALT, SUGAR, SODIUM PHOSPHATES, SODIUM ERYTHORBATE, SODIUM NITRITE.","NOT A SIGNIFICANT SOURCE OF DIETARY FIBER, SUGARS, VITAMIN A, VITAMIN C, AND CALCIUM.",12.0,g,,"Bacon, Sausages & Ribs",LI,12 oz,2018-09-07,2021-07-29,United States,,,
1328849,1949131,"JBS USA, LLC",ADAPTABLE,,45310281275,"SUGAR, SALT, MALTODEXTRIN, SPICES, DEHYDRATED ONION & GARLIC, DEHYDRATED BELL PEPPERS, POTASSIUM CHLORIDE, DEHYDRATED ORANGE PEEL, NATURAL FLAVORS (INCLUDING SMOKE), CITRIC ACID.",,112.0,g,,Other Meats,LI,16 oz/1 lbs,2018-06-14,2021-07-29,United States,,,
1329404,1949686,"JBS USA, LLC",ADAPTABLE MEALS,,45310281268,"PORK, SALT, DEHYDRATED GARLIC, SPICES, DEHYDRATED ONION, DEXTROSE, TOMATO POWDER, DEHYDRATED RED BELL PEPPER, EXTRA VIRGIN OLIVE OIL, CORN SYRUP SOLIDS, YEAST EXTRACT, CHILI PEPPER, CITRIC ACID, DEHYDRATED PARSLEY, LEMON JUICE SOLIDS, NATURAL FLAVORS.",,112.0,g,,Other Meats,LI,16 oz/1 lbs,2018-06-14,2021-07-29,United States,,,
1330132,1950414,"JBS USA, LLC",GRASS RUN FARMS,,76338966929,"100% GRASS FED BEEF, WATER, SEA SALT, SPICES INCLUDING PAPRIKA, TURBINADO SUGAR, NATURAL FLAVORINGS, CULTURED CELERY POWDER.",,68.0,g,,"Sausages, Hotdogs & Brats",LI,12 oz/340 g,2019-03-23,2021-07-29,United States,,,
1332992,1953274,"JBS USA, LLC",GRASS RUN FARMS,,76338966677,100% GRASS FED BEEF,"NOT A SIGNIFICANT SOURCE OF DIETARY FIBER, SUGARS, VITAMIN A, VITAMIN C, AND CALCIUM.",112.0,g,,Other Meats,LI,24 oz/1.5 lbs,2019-03-23,2021-07-29,United States,,,
1337570,1957852,"JBS USA, LLC",GRASS RUN FARMS,,76338967575,100% GRASS FED BEEF,"NOT A SIGNIFICANT SOURCE OF DIETARY FIBER, SUGARS, VITAMIN A, AND VITAMIN C.",151.0,g,,Frozen Patties and Burgers,LI,32 oz/2 lbs,2018-11-01,2021-07-29,United States,,,
1344216,1964498,"JBS USA, LLC",GRASS RUN FARMS,,76338966943,"100% GRASS FED BEEF, WATER, SEA SALT, SPICES INCLUDING PAPRIKA, TURBINADO SUGAR, CULTURED CELERY POWDER, NATURAL FLAVORINGS.",,56.0,g,,"Sausages, Hotdogs & Brats",LI,12 oz/340 g,2019-07-04,2021-07-29,United States,,,
1344217,1964499,"JBS USA, LLC",GRASS RUN FARMS,,76338966691,100% GRASS FED BEEF,"NOT A SIGNIFICANT SOURCE OF DIETARY FIBER, SUGARS, VITAMIN A, VITAMIN C, AND CALCIUM.",112.0,g,,Other Meats,LI,8 oz/227 g,2019-03-23,2021-07-29,United States,,,
1344218,1964500,"JBS USA, LLC",GRASS RUN FARMS,,76338966936,"100% GRASS FED BEEF, WATER, SEA SALT, SPICES INCLUDING PAPRIKA, PEPPER FLAKES, TURBINADO SUGAR, CULTURED CELERY POWDER, DEHYDRATED JALAPENO, NATURAL FLAVORINGS, CAYENNE PEPPER.",,68.0,g,,"Sausages, Hotdogs & Brats",LI,12 oz/340 g,2019-03-23,2021-07-29,United States,,,
1344219,1964501,"JBS USA, LLC",GRASS RUN FARMS,,76338965199,100% GRASS FED BEEF,"NOT A SIGNIFICANT SOURCE OF DIETARY FIBER, SUGARS, VITAMIN A, VITAMIN C, AND CALCIUM.",112.0,g,,Other Meats,LI,16 oz/1 lbs,2019-07-25,2021-07-29,United States,,,
1344220,1964502,"JBS USA, LLC",GRASS RUN FARMS,,76338966684,100% GRASS FED BEEF,"NOT A SIGNIFICANT SOURCE OF DIETARY FIBER, SUGARS, VITAMIN A, VITAMIN C, AND CALCIUM.",112.0,g,,Other Meats,LI,16 oz/1 lbs,2019-04-12,2021-07-29,United States,,,
1353786,1974068,"JBS USA, LLC",GRASS RUN FARMS,,76338965137,100% GRASS FED BEEF,"NOT A SIGNIFICANT SOURCE OF DIETARY FIBER, SUGARS, VITAMIN A, AND VITAMIN C.",151.0,g,,Other Meats,LI,16 oz/1 lbs,2019-10-26,2021-07-29,United States,,,
1354467,1974749,"JBS USA, LLC",ADAPTABLE MEALS,,45310950300,"BEEF, LESS THAN 2% OF: SALT, BROWN SUGAR, BLACK PEPPER, GINGER, ALLSPICE, DRIED ONION & GARLIC, MOLASSES, NATURAL FLAVORS, NATURAL SMOKE FLAVOR, BOURBON, BLACK PEPPER EXTRACT, MAPLE SYRUP, SOYBEAN OIL, VINEGAR, CANOLA AND OLIVE OIL.",,170.0,g,,Other Meats,LI,12 oz/.75 lbs,2019-09-24,2021-07-29,United States,,,
1354475,1974757,"JBS USA, LLC",ADAPTABLE MEALS,,45310253654,"PORK, LESS THAN 2% OF: SUGAR, SALT, CHILI PEPPER, BLACK PEPPER, CORN STARCH, DEHYDRATED ONION & GARLIC, POTASSIUM SALT, DEHYDRATED BELL PEPPER & ORANGE ZEST, SMOKED SUGARS INCLUDING MESQUITE, RED PEPPER EXTRACT, AND SOYBEAN OIL.",,112.0,g,,Other Meats,LI,28 oz/1.75 lbs,2019-09-24,2021-07-29,United States,,,
1354479,1974761,"JBS USA, LLC",ADAPTABLE MEALS,,45310253753,"PORK, LESS THAN 2% OF: SEA SALT, BLACK PEPPER, THYME, CUMIN, OREGANO, BAY LEAVES, DRIED ONION, CHILI PEPPER, DRIED GARLIC, YEAST EXTRACT, POTASSIUM CHLORIDE, NATURAL FLAVORS, LIME JUICE CONCENTRATE, CHIPOTLE PEPPER, AND LACTIC ACID.",,112.0,g,,Other Meats,LI,28 oz/1.75 lbs,2019-09-24,2021-07-29,United States,,,
1354499,1974781,"JBS USA, LLC",ADAPTABLE MEALS,,76338150014,"BEEF, LESS THAN 2% OF: DEHYDRATED ONION & GARLIC, SEA SALT, SPICES (BLACK PEPPER, CHILI PEPPER), WORCESTERSHIRE SAUCE POWDER (MALTODEXTRIN, WORCESTERSHIRE SAUCE (DISTILLED VINEGAR, MOLASSES, CORN SYRUP, SALT, CARAMEL COLOR, GARLIC POWDER, SUGAR, SPICES, TAMARIND, NATURAL FLAVOR), BROWN SUGAR, DEHYDRATED BEEF STOCK & BEEF FLAVOR, TOMATO POWDER, YEAST EXTRACT, SMOKED SUGAR, NATURAL ROSEMARY EXTRACT, OLIVE OIL, CANOLA OIL AND POTASSIUM CHLORIDE.",,141.0,g,,Other Meats,LI,10 oz/.625 lbs,2019-09-24,2021-07-29,United States,,,
1364857,1985139,"JBS USA, LLC",,,76338810949,BEEF,"Not a significant source of Dietary Fiber,Sugars, Vitamin A, Vitamin C, and Calcium.",112.0,g,,Other Meats,LI,16 OZ/1 LB,2021-03-23,2021-07-29,United States,,,
1368831,1989113,"JBS USA, LLC",,,76338811045,GROUND BEEF,"Not a significant source of Dietary Fiber,Sugars, Vitamin A, Vitamin C, and Calcium.",112.0,g,,Other Meats,LI,64 OZ/4 LBS,2021-03-23,2021-07-29,United States,,,
1376026,1996308,"JBS USA, LLC",ADAPTABLE MEALS,,45310562572,"PORK. LESS THAN 2% OF: DEHYDRATED ONION DEHYDRATED GARLIC, BLACK PEPPER, BASIL, OREGANO, THYME, ROSEMARY, SUGAR, OLIVE OIL, SHERRY WINE SOLIDS, MOLASSES, CARAMEL COLOR, NATURAL FLAVOR. MALIC ACID, POTASSIUM CHLORIDE, TORULA YEAST, SALT, AND MALTODEXTRIN.",,135.0,g,,Other Meats,LI,12.8 OZ/.8 LB,2021-06-18,2021-07-29,United States,,,
1431894,2059968,"JBS USA, LLC",CERTIFIED ANGUS BEEF,,76338422333,GROUND BEEF.,,112.0,g,,Other Meats,LI,48 oz/3 lbs/1362 g,2018-02-07,2021-10-28,United States,,,
1431895,2059969,"JBS USA, LLC","JBS USA, LLC",,76338471515,GROUND BEEF.,,112.0,g,,Other Meats,LI,48 oz/3 lbs,2018-02-07,2021-10-28,United States,,,
1431896,2059970,"JBS USA, LLC",JBS,,76338472840,GROUND BEEF.,,112.0,g,,Other Meats,LI,32 oz/2 lbs,2018-02-07,2021-10-28,United States,,,
1431897,2059971,"JBS USA, LLC",JBS USA,,76338474011,BEEF.,,112.0,g,,Other Meats,LI,16 oz/1 lbs,2018-02-07,2021-10-28,United States,,,
1431898,2059972,"JBS USA, LLC",JBS USA,,76338473144,LEAN GROUND BEEF.,,112.0,g,,Other Meats,LI,32 oz/2 lbs,2018-02-07,2021-10-28,United States,,,
1438936,2067010,"JBS USA, LLC",CLEAR RIVER FARMS,,76338993765,"BEEF, SOLUTION INGREDIENTS: WATER, POTASSIUM CITRATE, SALT, VINEGAR, NATURAL FLAVOR. *COATED WITH: WATER, SEASONING (MALTODEXTRIN, SPICES, SALT, DEHYDRATED GARLIC, DEHYDRATED ONION, GARLIC POWDER)",,112.0,g,,Other Meats,LI,8 oz/227 g,2017-10-13,2021-10-28,United States,,,
1466297,2094371,"JBS USA, LLC",GOURMET,,76338470150,GROUND BEEF.,,227.0,g,,Other Meats,LI,16 oz/1 lbs,2018-02-07,2021-10-28,United States,,,
1477226,2105300,"JBS USA, LLC",MOYER,,76338420353,GROUND BEEF,,112.0,g,,Other Meats,LI,16 oz/1 lbs,2020-11-19,2021-10-28,United States,,,
1490820,2118894,"JBS USA, LLC",GRASS RUN FARMS,,76338965250,INGREDIENTS: 100% GRASS FED BEEF,"Not a significant source of Dietary Fiber,Sugars, Vitamin A, Vitamin C, and Calcium.",112.0,g,,Other Meats,LI,16 OZ/1 LB,2020-05-14,2021-10-28,United States,,,
1517186,2145260,"JBS USA, LLC",GOOD NATURE,,76338810819,BEEF,"NOT A SIGNIFICANT SOURCE OF DIETARY FIBER, SUGARS, VITAMIN A, VITAMIN C, AND CALCIUM.",112.0,g,,Other Meats,LI,48 oz/3 lbs,2021-04-09,2021-10-28,United States,,,
1519368,2147442,"JBS USA, LLC",ADAPTABLE MEALS,,45310254651,"PORK, SUGAR, LESS THAN 2% OF: TOMATO POWDER, SALT, BLACK PEPPER, CHILI PEPPER, ALLSPICE, CINNAMON, GINGER, PINEAPPLE JUICE CONCENTRATE, MOLASSES, VINEGAR, SMOKED SUGAR, AND NATURAL FLAVORS.",,112.0,g,,Other Meats,LI,28 oz/1.75 lbs,2020-04-08,2021-10-28,United States,,,
1521614,2149688,"JBS USA, LLC",ADAPTABLE MEALS,,45310282265,"PORK, LESS THAN 2% OF: DEHYDRATED GARLIC & ONION, SALT, BLACK PEPPER, PARSLEY, CHILI PEPPER, RED PEPPER, THYME, OREGANO, BASIL, SUGAR, TOMATO POWDER, DEHYDRATED RED BELL PEPPER, LEMON JUICE POWDER (LEMON JUICE & LEMON OIL), YEAST EXTRACT, CORN STARCH, EXTRA VIRGIN OLIVE OIL, NATURAL FLAVORS, ROSEMARY EXTRACT, GREEN TEA EXTRACT, AND VINEGAR.",,112.0,g,,Other Meats,LI,16 oz/1 lbs,2020-04-08,2021-10-28,United States,,,
1522318,2150392,"JBS USA, LLC",ADAPTABLE MEALS,,45310282470,"PORK, LESS THAN 2% OF: SUGAR, SALT, CHILI PEPPER, BLACK PEPPER, CORN STARCH, DEHYDRATED ONION & GARLIC, POTASSIUM SALT, DEHYDRATED BELL PEPPER, DEHYDRATED ORANGE ZEST, SMOKED SUGARS INCLUDING MESQUITE, RED PEPPER EXTRACT, SOYBEAN OIL, ROSEMARY EXTRACT, GREEN TEA EXTRACT, AND VINEGAR.",,112.0,g,,Other Meats,LI,16 oz/1 lbs,2020-04-08,2021-10-28,United States,,,
1522323,2150397,"JBS USA, LLC",ADAPTABLE,,45310282579,"PORK, LESS THAN 2% OF: DEHYDRATED GARLIC & ONION, SALT, BLACK PEPPER, CORIANDER, PARSLEY, CARAWAY, MARJORAM, THYME, SUGAR, YEAST EXTRACT, SMOKED SUGAR, DEHYDRATED BELL PEPPER, CORN STARCH, GARLIC EXTRACT, BLACK PEPPER EXTRACT, ASCORBIC ACID (VITAMIN C), ROSEMARY EXTRACT, GREEN TEA EXTRACT, AND VINEGAR.",,112.0,g,,Other Meats,LI,16 oz/1 lbs,2020-04-08,2021-10-28,United States,,,
1522629,2150703,"JBS USA, LLC",THINK PURE,,76338473991,GROUND BEEF,"NOT A SIGNIFICANT SOURCE OF DIETARY FIBER, SUGARS, VITAMIN A, VITAMIN C, AND CALCIUM.",112.0,g,,Other Meats,LI,16 oz/1 lbs,2020-04-08,2021-10-28,United States,,,
1522730,2150804,"JBS USA, LLC",ADAPTABLE MEALS,,45310952205,"BEEF, LESS THAN 2% OF: SALT, BROWN SUGAR, SUGAR, CHILI PEPPER, BLACK PEPPER, WHITE PEPPER, CUMIN, RED PEPPER, ALLSPICE, TOMATO POWDER, YEAST EXTRACT, DRIED ONION, DRIED GARLIC, CHIPOTLE PEPPER, NATURAL SMOKE FLAVOR, VINEGAR, NATURAL FLAVORS, ROSEMARY EXTRACT, GREEN TEA EXTRACT, AND CANOLA & OLIVE OIL.",,112.0,g,,Other Meats,LI,28 oz/1.75 lbs,2020-04-08,2021-10-28,United States,,,
1531267,2159341,"JBS USA, LLC",GRASS RUN FARMS,,76338966660,INGREDIENTS: 100% GRASS FED BEEF,"Not a significant source of Dietary Fiber,Sugars, Vitamin A, Vitamin C, and Calcium.",112.0,g,,Other Meats,LI,6 OZ/170 g,2020-06-16,2021-10-28,United States,,,
1533256,2161330,"JBS USA, LLC",GRASS RUN FARMS,,76338966752,100% GRASS FED BEEF,"Not a significant source of Dietary Fiber,Sugars, Vitamin A, Vitamin C, and Calcium.",112.0,g,,Other Meats,LI,16 OZ/1 LB,2020-06-19,2021-10-28,United States,,,
1536040,2164114,"JBS USA, LLC",GRASS RUN FARMS,,76338966707,100% GRASS FED BEEF,"Not a significant source of Dietary Fiber,Sugars, Vitamin A, Vitamin C, and Calcium.",112.0,g,,Other Meats,LI,8 oz/227 g,2020-09-21,2021-10-28,United States,,,
1536442,2164516,"JBS USA, LLC",GRASS RUN FARMS,,76338967087,100% GRASS FED BEEF,"Not a significant source of Dietary Fiber,Sugars, Vitamin A, Vitamin C, and Calcium.",112.0,g,,Other Meats,LI,10 OZ/284 g,2020-09-21,2021-10-28,United States,,,
1539116,2167190,"JBS USA, LLC",ASPEN RIDGE,,76338859047,NATURAL BEEF.,"Not a significant source of Dietary Fiber, Sugars, Vitamin A, Vitamin C, and Calcium.",112.0,g,,Other Meats,LI,8 oz/227 g,2020-11-19,2021-10-28,United States,,,
1539120,2167194,"JBS USA, LLC",ASPEN RIDGE,,76338859054,NATURAL BEEF.,"Not a significant source of Dietary Fiber,Sugars, Vitamin A, Vitamin C, and Calcium.",112.0,g,,Other Meats,LI,10 oz/284 g,2021-03-10,2021-10-28,United States,,,
1539259,2167333,"JBS USA, LLC",ASPEN RIDGE,,76338859016,NATURAL BEEF.,"Not a significant source of Dietary Fiber,Sugars, Vitamin A, Vitamin C, and Calcium.",112.0,g,,Other Meats,LI,24 OZ/680 g,2020-11-19,2021-10-28,United States,,,
1541068,2169142,"JBS USA, LLC",HILL COUNTRY FARE,,076338425501,"BEEF, WATER, BEEF HEARTS, SOY FLOUR, SODIUM LACTATE, SALT, SPICES, NATURAL FLAVORINGS, SUGAR, SODIUM ACETATE, ONION, SILICON DIOXIDE, AND YEAST EXTRACT.",,113.0,g,,Other Meats,LI,48 oz/3 lbs/1.37 kg,2021-01-22,2021-10-28,United States,,,
1543101,2171175,"JBS USA, LLC",HILL COUNTRY FARE,,076338425518,"BEEF, WATER, BEEF HEARTS, SOY FLOUR, SODIUM LACTATE, SALT, SPICES, NATURAL FLAVORINGS, SUGAR, SODIUM ACETATE, ONION, SILICON DIOXIDE, AND YEAST EXTRACT.",,113.0,g,,Other Meats,LI,16 oz/1 lbs/454 g,2021-01-22,2021-10-28,United States,,,
1546696,2174770,"JBS USA, LLC",GRASS RUN FARMS,,076338967568,100% GRASS FED BEEF,"NOT A SIGNIFICANT SOURCE OF DIETARY FIBER, SUGARS, VITAMIN A, AND VITAMIN C.",151.0,g,,Frozen Patties and Burgers,LI,32 oz/2 lbs,2021-04-27,2021-10-28,United States,,,
1550093,2178167,"JBS USA, LLC",THINKPURE,,076338151066,ORGANIC BEEF,"Not a significant source of dietary fiber, sugars,vitamin A, vitamin C and calcium.",112.0,g,,Other Meats,LI,16 OZ/1 LB,2021-08-25,2021-10-28,United States,,,
1550937,2179011,"JBS USA, LLC",ASPEN RIDGE,,076338859115,NATURAL BEEF.,"Not a significat source of Dietary Fiber,Sugars, Vitamin A, Vitamin C, and Calcium.",112.0,g,,Other Meats,LI,16 OZ/1 LB,2021-08-25,2021-10-28,United States,,,
1551844,2179918,"JBS USA, LLC",GRASS RUN FARMS,,076338966790,100% GRASS FED BEEF,"Not a significant source of Dietary Fiber,Sugars, Vitamin A, Vitamin C, and Calcium.",112.0,g,,Other Meats,LI,16 OZ/1 LB,2021-08-25,2021-10-28,United States,,,
1551848,2179922,"JBS USA, LLC",THINKPURE,,076338151073,ORGANIC BEEF,"Not a significant source of dietary fiber, sugars,vitamin A, vitamin C and caicium.",112.0,g,,Other Meats,LI,16 OZ/1 LB,2021-08-25,2021-10-28,United States,,,
1552370,2180444,"JBS USA, LLC",LA HERENCIA,,076338658770,"BEEF, CARNE ASADA MARINADE (WATER, CARNE ASADA SEASONING (SPICES (INCLUDING CELERY SEED), SALT, DEHYDRATED ONION AND DEHYDRATED GARLIC, SUGAR, POTASSIUM CHLORIDE, YEAST EXTRACT, CORN STARCH, SPICE EXTRACTIVES (OREGANO, CUMIN, RED PEPPER, CILANTRO), CITRIC ACID, NATURAL LIME EXTRACT), DRY VINEGAR).",,112.0,g,,Cooked & Prepared,LI,14 OZ/0.875 LB,2021-08-30,2021-10-28,United States,,,
1552817,2180891,"JBS USA, LLC",JBS USA FOOD COMPANY,,076338471560,BEEF,"Not a significant source of Dietary Fiber, Sugars, Vitamin A, and Vitamin C *.",151.0,g,,Frozen Patties and Burgers,LI,21.28 oz/1.33 lb,2021-08-30,2021-10-28,United States,,,
1554101,2182175,"JBS USA, LLC",SWIFT,,045310254354,"PORK, BACON (CURED WITH: WATER, SALT, SUGAR, SODIUM PHOSPHATE, SODIUM ERYTHORBATE, SODIUM NITRITE), PORK BROTH, SALT, NATURAL FLAVOR.",,142.0,g,,Other Meats,LI,5 oz,2021-08-25,2021-10-28,United States,,,
1563933,2192007,"JBS USA, LLC",JBS USA FOOD COMPANY,,076338471560,BEEF,"Not a significant source of Dietary Fiber, Sugars, Vitamin A, and Vitamin C *.",151.0,g,,Other Meats,LI,21.28 oz/1.33 lb,2021-10-23,2021-12-01,United States,,,
1566619,2194693,"JBS USA, LLC",ADAPTABLE,,045310562657,"PORK, LESS THAN 2% OF: DEHYDRATED ONION, DEHYDRATED GARLIC, SEA SALT, BLACK PEPPER, CHILI PEPPER, WORCESTERSHIRE SAUCE POWDER (DISTILLED VINEGAR, MOLASSES, CORN SYRUP, SALT, CARAMEL COLOR, GARLIC POWDER, SUGAR, SPICES, TAMARIND, NATURAL FLAVOR), BROWN SUGAR, DEHYDRATED BEEF STOCK & BEEF FLAVOR, TOMATO POWDER, YEAST EXTRACT, POTASSIUM CHLORIDE, SMOKED SUGAR, AND NATURAL ROSEMARY EXTRACT.",,135.0,g,,Other Meats,LI,12.8 OZ/.8 LB,2021-10-25,2021-12-01,United States,,,
1566776,2194850,"JBS USA, LLC",ASPEN RIDGE,,076338420964,100% BEEF.,"Not a significant source of Dietary Fiber,Sugars, Vitamin A, Vitamin C, and Calcium.",112.0,g,,Other Meats,LI,16 OZ/1 LB,2021-10-21,2021-12-01,United States,,,
1575681,2203755,"JBS USA, LLC",ASPEN RIDGE,,76338859030,NATURAL BEEF,,112.0,,4 ONZ,Other Meats,LI,10 oz/284 g,2021-11-29,2021-12-30,United States,,,
1576048,2204122,"JBS USA, LLC",LA HERENCIA,,76338659241,"CHICKEN BREAST WITH RIB MEAT, POLLO ASADO MARINADE (WATER, POLLO ASADO SEASONING (ORANGE JUICE SOLIDS POWDER, SALT, SUGAR, DEHYDRATED GARLIC AND DEHYDRATED ONION, GRAPEFRUIT JUICE POWDER (INCLUDING NATURAL FLAVOR OF GRAPEFRUIT SOLIDS), SPICES (INCLUDING TURMERIC (COLOR)), APPLE JUICE CONCENTRATE POWDER, SPRAY DRIED LIME JUICE CONCENTRATE, OLEORESIN TURMERIC (COLOR), CITRIC ACID), DRY VINEGAR).",,112.0,,4 ONZ,"Poultry, Chicken & Turkey",LI,20 OZ/1.25 LB,2021-11-03,2021-12-30,United States,,,
1576049,2204123,"JBS USA, LLC",LA HERENCIA,,76338659456,"PORK, AL PASTOR MARINADE (WATER, AL PASTOR SEASONING (POTASSIUM SALT, LEMON JUICE POWDER (CORN SYRUP SOLIDS, LEMON JUICE SOLIDS, LEMON OIL), VINEGAR POWDER, SPICES (INCLUDING ANNATTO (COLOR)), DEHYDRATED GARLIC, ORANGE JUICE POWDER, SUGAR, SPRAY DRIED LIME JUICE (LIME JUICE FROM CONCENTRATE), GARLIC EXTRACTIVE, ORANGE OIL), DRY VINEGAR).",,112.0,,4 ONZ,Other Meats,LI,20.8 OZ/1.3 LB,2021-11-03,2021-12-30,United States,,,
1576133,2204207,"JBS USA, LLC",ADAPTABLE MEALS,,45310472604,"PORK, BROWN SUGAR, LESS THAN 2% OF: VINEGAR, SALT, YEAST EXTRACT, NATURAL BACON TYPE FLAVORS, ONION POWDER, GARLIC POWDER, BLACK PEPPER, NATURAL SMOKE FLAVORS, DRIED PORK STOCK, CARAMELIZED SUGAR.",,112.0,,4 ONZ,Other Meats,LI,16 oz/1 LB,2021-11-24,2021-12-30,United States,,,
1587138,2215212,"JBS USA, LLC",ASPEN RIDGE,,76338859030,NATURAL BEEF,,112.0,g,4 ONZ,Other Meats,LI,10 oz/284 g,2021-11-29,2022-01-06,United States,,,
1587505,2215579,"JBS USA, LLC",LA HERENCIA,,76338659241,"CHICKEN BREAST WITH RIB MEAT, POLLO ASADO MARINADE (WATER, POLLO ASADO SEASONING (ORANGE JUICE SOLIDS POWDER, SALT, SUGAR, DEHYDRATED GARLIC AND DEHYDRATED ONION, GRAPEFRUIT JUICE POWDER (INCLUDING NATURAL FLAVOR OF GRAPEFRUIT SOLIDS), SPICES (INCLUDING TURMERIC (COLOR)), APPLE JUICE CONCENTRATE POWDER, SPRAY DRIED LIME JUICE CONCENTRATE, OLEORESIN TURMERIC (COLOR), CITRIC ACID), DRY VINEGAR).",,112.0,g,4 ONZ,"Poultry, Chicken & Turkey",LI,20 OZ/1.25 LB,2021-11-03,2022-01-06,United States,,,
1587506,2215580,"JBS USA, LLC",LA HERENCIA,,76338659456,"PORK, AL PASTOR MARINADE (WATER, AL PASTOR SEASONING (POTASSIUM SALT, LEMON JUICE POWDER (CORN SYRUP SOLIDS, LEMON JUICE SOLIDS, LEMON OIL), VINEGAR POWDER, SPICES (INCLUDING ANNATTO (COLOR)), DEHYDRATED GARLIC, ORANGE JUICE POWDER, SUGAR, SPRAY DRIED LIME JUICE (LIME JUICE FROM CONCENTRATE), GARLIC EXTRACTIVE, ORANGE OIL), DRY VINEGAR).",,112.0,g,4 ONZ,Other Meats,LI,20.8 OZ/1.3 LB,2021-11-03,2022-01-06,United States,,,
1587590,2215664,"JBS USA, LLC",ADAPTABLE MEALS,,45310472604,"PORK, BROWN SUGAR, LESS THAN 2% OF: VINEGAR, SALT, YEAST EXTRACT, NATURAL BACON TYPE FLAVORS, ONION POWDER, GARLIC POWDER, BLACK PEPPER, NATURAL SMOKE FLAVORS, DRIED PORK STOCK, CARAMELIZED SUGAR.",,112.0,g,4 ONZ,Other Meats,LI,16 oz/1 LB,2021-11-24,2022-01-06,United States,,,
33879,344606,Cargill,,,00642205534517,"White Turkey, Natural Flavoring",,112.0,g,4 oz.,,GDSN,,2016-06-13,2019-04-01,United States,,,
33880,344607,Cargill,,,00642205510276,"Turkey Breast, Natural Flavoring",,112.0,g,4 oz.,,GDSN,,2016-06-07,2019-04-01,United States,,,
33881,344608,Cargill,,,00642205534500,"Turkey, natural Flavoring.",,112.0,g,4 oz.,,GDSN,,2016-06-08,2019-04-01,United States,,,
34625,345352,Cargill,,,90642205500430,"Contains 3% Turkey Broth, Salt, Sugar and Natural Flavoring.",,112.0,g,4 oz.,,GDSN,,2015-08-02,2019-04-01,United States,,,
34626,345353,Cargill,,,90642205500232,Turkey Breast,,112.0,g,4 oz.,,GDSN,,2015-07-19,2019-04-01,United States,,,
34627,345354,Cargill,,,90642205500249,Turkey Breast Cutlets,,112.0,g,4 oz.,,GDSN,,2015-07-19,2019-04-01,United States,,,
34628,345355,Cargill,,,00642205513826,"Turkey breast, turkey broth, contains less than 2% salt, sugar, brown sugar, natural flavor. Gravy ingredients water, rice flour, salt, modified corn starch, autolyzed yeast extract, onion powder, sugar, garlic powder, vegetable gums (guar, xanthan, and carob bean gums), cooked chicken fat, natural flavors (including turkey stock), spices, caramel color, disodium inosinate, disodium guanylate.",,112.0,g,4 oz.,,GDSN,,2015-08-06,2019-04-01,United States,,,
34832,345559,Cargill,,,00642205501045,"Turkey, natural Flavoring.",,112.0,g,4 oz.,,GDSN,,2016-06-06,2019-04-01,United States,,,
34833,345560,Cargill,,,00642205549757,"Turkey, water, contains less than 2% salt, dextrose, maltodextrin, artificial flavors, spice extractives.",,70.0,g,2.5 oz.,,GDSN,,2013-06-05,2019-04-01,United States,,,
34834,345561,Cargill,,,00642205518029,"Turkey, water, contains less than 2% salt, dextrose, maltodextrin, artificial flavors, natural spice extractives, collagen casings (casing colored with annatto).",,74.0,g,2links,,GDSN,,2013-06-05,2019-04-01,United States,,,
34835,345562,Cargill,,,00642205518067,"Turkey, water, salt, corn syrup solids, spices, dextrose, paprika, spice extractives, natural pork casing.",,112.0,g,1 link,,GDSN,,2013-11-21,2019-04-01,United States,,,
34836,345563,Cargill,,,00642205549740,"turkey, water, salt, corn syrup solids, spices, dextrose, paprika, spice extractives.",,70.0,g,2.5 oz.,,GDSN,,2013-11-21,2019-04-01,United States,,,
34837,345564,Cargill,,,00642205551064,"Turkey, water, salt, corn syrup solids, spices, dextrose, paprika, spice extractives.",,70.0,g,2.5 oz.,,GDSN,,2013-11-21,2019-04-01,United States,,,
34838,345565,Cargill,,,90642205509945,Turkey Wings,,112.0,g,4 oz,,GDSN,,2016-06-05,2019-04-01,United States,,,
34839,345566,Cargill,,,90642205509952,Turkey Necks,,112.0,g,4 oz,,GDSN,,2016-06-05,2019-04-01,United States,,,
34840,345567,Cargill,,,10642205562418,"Turkey, turkey broth, Cajun seasoning (salt, Dextrose, spices,[black, red and white pepper],xanthan gum, arabic, garlic powder, natural flavors, citric acid, onion powder), salt, sugar, brown sugar, natural flavor. Coated with: salt, spices, paprika, dehydrated garlic, dehydrated onion.",,112.0,g,4 oz.,,GDSN,,2016-08-11,2019-04-01,United States,,,
34841,345568,Cargill,,,00642205550999,"Turkey,seasoning (salt, spices, sugar, dextrose, yeast extract, spice extratives) natural flavorings.",,112.0,g,4 oz.,,GDSN,,2016-08-11,2019-04-01,United States,,,
34842,345569,Cargill,,,00642205534579,"Turkey, natural Flavoring.",,112.0,g,4 oz.,,GDSN,,2016-08-11,2019-04-01,United States,,,
34843,345570,Cargill,,,00642205501052,"Turkey Breast, Natural Flavoring",,112.0,g,4 oz.,,GDSN,,2016-06-07,2019-04-01,United States,,,
37242,347969,Cargill,,,90642205509600,"Turkey Breast, Water, Sodium Lactate, Less than 2% of Brown Sugar, Salt, Sodium Phosphate, Sodium Diacetate, Sodium Erythorbate, Sodium Nitrite.",,84.0,g,3 oz.,,GDSN,,2015-08-06,2019-04-01,United States,,,
294249,604978,Cargill,,,00642205546077,"Turkey, Natural Flavoring",,112.0,g,4 oz.,Meat/Poultry/Other Animals  Unprepared/Unprocessed,GDSN,,2019-03-14,2019-12-06,United States,,,
294254,604988,Cargill,,,90642205500430,"Turkey, Turkey Broth, Salt, Sugar and Natural Flavoring.",,112.0,g,4 oz.,Meat/Poultry/Other Animals  Unprepared/Unprocessed,GDSN,,2019-10-17,2019-12-06,United States,,,
294255,604990,Cargill,,,90642205500232,Turkey Breast,,112.0,g,4 oz.,Meat/Poultry/Other Animals  Unprepared/Unprocessed,GDSN,,2019-05-14,2019-12-06,United States,,,
294256,604992,Cargill,,,90642205500249,Turkey Breast Cutlets,,112.0,g,4 oz.,Meat/Poultry/Other Animals  Unprepared/Unprocessed,GDSN,,2019-05-16,2019-12-06,United States,,,
294257,604994,Cargill,,,90642205500218,Turkey with up to 6% absorbed water,,112.0,g,4 oz.,Meat/Poultry/Other Animals  Unprepared/Unprocessed,GDSN,,2019-11-04,2019-12-06,United States,,,
294283,605046,Cargill,,,90642205501451,"Contains 15% Turkey Broth, Salt, Sugar, and Natural Flavoring. Gravy ingredients Water, rice flour, salt, modified corn starch, autolyzed yeast extract, onion powder, sugar, garlic powder, vegetable gums (guar, xanthan and carob bean gums), cooked chicken fat, natural flavors (including turkey stock), spices, caramel color, disodium inosinate, disodium gunaylate.",,112.0,g,4 oz.,Meat/Poultry/Other Animals  Unprepared/Unprocessed,GDSN,,2019-05-22,2019-12-06,United States,,,
294284,605048,Cargill,,,90642205501499,Turkey Wings,,112.0,g,4 oz.,,GDSN,,2019-04-02,2019-12-06,United States,,,
294285,605050,Cargill,,,90642205501529,Turkey Split Breast,,112.0,g,4 oz.,Meat/Poultry/Other Animals  Unprepared/Unprocessed,GDSN,,2019-05-23,2019-12-06,United States,,,
294286,605052,Cargill,,,90642205501512,Turkey Thigh,,112.0,g,4 oz.,Meat/Poultry/Other Animals  Unprepared/Unprocessed,GDSN,,2019-05-23,2019-12-06,United States,,,
294287,605054,Cargill,,,00642205501045,"Turkey, natural Flavoring.",,112.0,g,4 oz.,Meat/Poultry/Other Animals  Unprepared/Unprocessed,GDSN,,2016-06-06,2019-12-06,United States,,,
294288,605056,Cargill,,,10642205561336,"Turkey, water, sugar, contains less than 2%: natural spice extractives, salt, dextrose, sodium bicarbonate, natural flavoring, collagen casing (casing colored with annato).",,74.0,g,3 links,,GDSN,,2019-03-14,2019-12-06,United States,,,
294289,605058,Cargill,,,10642205561343,"Turkey, water, sugar, contains less than 2%: natural spice extractives, salt, dextrose, sodium bicarbonate, natural and artificial maple flavor (propylene glycol, natural and artificial flavor, water, maple syrup, ethyl alcohol), natural flavoring, collag",,74.0,g,3 links,,GDSN,,2019-03-14,2019-12-06,United States,,,
294290,605060,Cargill,,,00642205549757,"Turkey, water, contains less than 2% salt, dextrose, maltodextrin, artificial flavors, spice extractives.",,70.0,g,2.5 oz.,,GDSN,,2019-03-14,2019-12-06,United States,,,
294291,605062,Cargill,,,00642205518029,"Turkey, water, contains less than 2% salt, dextrose, maltodextrin, artificial flavors, natural spice extractives, collagen casings (casing colored with annatto).",,74.0,g,2links,Meat/Poultry/Other Animals  Unprepared/Unprocessed,GDSN,,2013-06-05,2019-12-06,United States,,,
294292,605064,Cargill,,,00642205550524,"Turkey, natural Flavoring.",,112.0,g,4 oz.,,GDSN,,2019-03-14,2019-12-06,United States,,,
294293,605066,Cargill,,,00642205551422,"Turkey Tenderloin Enhanced with Solution: Turkey broth, canola oil, seasoning (salt, sugar, dehydrated turkey broth, turkey flavor [contains hydrolyzed corn protein, turkey broth powder, flavor]), dried vinegar, cultured dextrose, maltodextrin, flavoring.",,112.0,g,4 oz.,,GDSN,,2019-03-14,2019-12-06,United States,,,
294294,605068,Cargill,,,00642205551507,"Turkey Tenderloin Enhance with Solution: Turkey broth, canola oil, seasoning (salt, sugar, dehydrated turkey broth, turkey flavor [contains hydrolyzed corn protein, turkey broth powder, flavor]), dried vinegar, cultured dextrose, maltodextrin, flavoring. ",,112.0,g,4 oz.,,GDSN,,2019-03-14,2019-12-06,United States,,,
294295,605070,Cargill,,,00642205559435,"Ground turkey,natural flavoring",,112.0,g,4,,GDSN,,2019-03-14,2019-12-06,United States,,,
294296,605072,Cargill,,,00642205551446,"Solution Ingredients Turkey broth, canola oil, seasoning (salt, sugar, dehydrated turkey broth, turkey flavor [contains hydrolyzed corn protein, turkey broth powder, flavor]), dried vinegar, cultured dextrose, maltodextrin, flavoring. Coated With Dehydrat",,112.0,g,4 oz.,,GDSN,,2019-03-14,2019-12-06,United States,,,
294297,605074,Cargill,,,00642205551460,"Turkey Tenderloin Enhance with Solution: Turkey broth, canola oil, seasoning (salt, sugar, dehydrated turkey broth, turkey flavor [contains hydrolyzed corn protein, turkey broth powder, flavor]), dried vinegar, cultured dextrose, maltodextrin, flavoring. ",,112.0,g,4 oz.,,GDSN,,2019-03-14,2019-12-06,United States,,,
294298,605076,Cargill,,,90642205501505,Turkey Drummettes,,112.0,g,4 oz.,Meat/Poultry/Other Animals  Unprepared/Unprocessed,GDSN,,2019-05-23,2019-12-06,United States,,,
294299,605078,Cargill,,,90642205501536,Turkey Necks,,112.0,g,4 oz.,Meat/Poultry/Other Animals  Unprepared/Unprocessed,GDSN,,2019-11-01,2019-12-06,United States,,,
294300,605080,Cargill,,,90642205511474,"Turkey, contains up to 6% absorbed water.",,112.0,g,4 oz.,Meat/Poultry/Other Animals  Unprepared/Unprocessed,GDSN,,2019-09-25,2019-12-06,United States,,,
294301,605082,Cargill,,,00642205518067,"Turkey, water, salt, corn syrup solids, spices, dextrose, paprika, spice extractives, natural pork casing.",,112.0,g,1 link,,GDSN,,2019-03-14,2019-12-06,United States,,,
294302,605084,Cargill,,,00642205549740,"Turkey, water, salt, corn syrup solids, spices, dextrose, paprika, spice extractives.",,70.0,g,2.5 oz.,,GDSN,,2019-03-14,2019-12-06,United States,,,
294303,605086,Cargill,,,00642205551064,"Turkey, water, salt, corn syrup solids, spices, dextrose, paprika, spice extractives.",,70.0,g,2.5 oz.,,GDSN,,2019-03-14,2019-12-06,United States,,,
294304,605088,Cargill,,,90642205529370,"Turkey breast, turkey broth, salt, natural flavoring.",,112.0,g,4 oz,Meat/Poultry/Other Animals  Unprepared/Unprocessed,GDSN,,2019-11-01,2019-12-06,United States,,,
294305,605090,Cargill,,,90642205556390,"Turkey, Turkey Broth, Salt, Sugar and Natural Flavoring.",,112.0,g,4 oz.,Meat/Poultry/Other Animals  Unprepared/Unprocessed,GDSN,,2019-10-21,2019-12-06,United States,,,
294306,605092,Cargill,,,90642205560359,"Contains 9.5% Turkey Broth, Salt, Sugar, Natural Flavoring.",,112.0,g,4 oz.,,GDSN,,2019-03-14,2019-12-06,United States,,,
294307,605094,Cargill,,,00642205529551,"Tureky Tenderloin Enhanced with Solution: Turkey broth, canola oil, seasoning (salt, sugar, dehydrated turkey broth, turkey flavor [contains hydrolyzed corn protein, turkey broth powder, flavor]), dried vinegar, cultured dextrose, maltodextrin, flavoring.",,112.0,g,4 oz.,,GDSN,,2019-03-14,2019-12-06,United States,,,
294319,605118,Cargill,,,90642205550534,"Contains 3% Turkey Broth, Salt, Sugar and Natural Flavoring.",,112.0,g,4 oz.,Meat/Poultry/Other Animals  Unprepared/Unprocessed,GDSN,,2019-05-22,2019-12-06,United States,,,
294320,605120,Cargill,,,90642205501482,Turkey Drumsticks Contains Up to 6% Absorbed Water,,112.0,g,4 oz.,Meat/Poultry/Other Animals  Unprepared/Unprocessed,GDSN,,2019-10-11,2019-12-06,United States,,,
295963,608406,Cargill,,,90642205559568,"Turkey, turkey broth, 2% or less of sea salt, cane sugar, dried orange pulp, natural flavorings. With carmelized sugar.",,85.0,g,3 oz.,,GDSN,,2019-03-14,2019-12-06,United States,,,
295964,608408,Cargill,,,90642205560199,"Turkey, Turkey Broth, Less than 2% of Potassium Lactate, Salt, Sugar, Sodium Phosphate, Sodium Diacetate, Carrageenan, Natural Flavorings. Caramel Color Added.",,84.0,g,3 oz.,Meat/Poultry/Other Animals  Prepared/Processed,GDSN,,2019-10-21,2019-12-06,United States,,,
295965,608410,Cargill,,,90642205526683,"Mechanically Separated Turkey, White Turkey, Water, Contains Less Than 2% of Salt, Sugar, Canola Oil, Autolyzed Yeast Extract (Dextrose, Salt, Autolyzed Yeast Extract, Modified Food Starch), Sodium Phosphate, Sodium Nitrite, Flavors (Potato Maltodextrin, ",,14.0,g,14 g,,GDSN,,2019-03-14,2019-12-06,United States,,,
295966,608412,Cargill,,,642205558834,Turkey with natural flavoring,,112.0,g,4 oz.,,GDSN,,2019-03-14,2019-12-06,United States,,,
295967,608414,Cargill,,,642205517169,"Ground turkey, mechanically separated turkey, water, bread crumbs (enriched flour [wheat flour, niacin, reduced iron, thiamine mononitrate, riboflavin and folic acid], corn syrup, sugar, vegetable oil [soybean and/or cottonseed and/or corn and/or canola o",,85.0,g,3 meatballs,,GDSN,,2019-03-14,2019-12-06,United States,,,
295968,608416,Cargill,,,90642205509600,"Turkey Breast, Water, Sodium Lactate, Less than 2% of Brown Sugar, Salt, Sodium Phosphate, Sodium Diacetate, Sodium Erythorbate, Sodium Nitrite.",,84.0,g,3 oz.,Meat/Poultry/Other Animals  Prepared/Processed,GDSN,,2019-07-24,2019-12-06,United States,,,
295969,608418,Cargill,,,90642205513942,"Turkey, Water, Less Than 2% of Sodium Lactate, Brown Sugar, Salt, Sodium Phosphate, Modified Food Starch, Sodium Nitrite, Sodium Diacetate, Sodium Erythorbate.",,84.0,g,3 oz.,Meat/Poultry/Other Animals  Prepared/Processed,GDSN,,2019-10-29,2019-12-06,United States,,,
365140,750856,Cargill,,,642205546077,"Turkey, Natural Flavoring",,112.0,g,4 oz.,Meat/Poultry/Other Animals  Unprepared/Unprocessed,GDSN,,2019-03-14,2020-02-27,United States,,,
365142,750860,Cargill,,,642205510276,"Turkey Breast, Natural Flavoring",,112.0,g,4 oz.,,GDSN,,2016-06-07,2020-02-27,United States,,,
366053,752684,Cargill,,,90642205501499,Turkey Wings,,112.0,g,4 oz.,Meat/Poultry/Other Animals  Unprepared/Unprocessed,GDSN,,2019-04-02,2020-02-27,United States,,,
366054,752686,Cargill,,,642205501045,"Turkey, natural Flavoring.",,112.0,g,4 oz.,Meat/Poultry/Other Animals  Unprepared/Unprocessed,GDSN,,2016-06-06,2020-02-27,United States,,,
366055,752688,Cargill,,,10642205561336,"Turkey, water, sugar, contains less than 2%: natural spice extractives, salt, dextrose, sodium bicarbonate, natural flavoring, collagen casing (casing colored with annato).",,74.0,g,3 links,Meat/Poultry/Other Animals  Unprepared/Unprocessed,GDSN,,2019-03-14,2020-02-27,United States,,,
366056,752690,Cargill,,,10642205561343,"Turkey, water, sugar, contains less than 2%: natural spice extractives, salt, dextrose, sodium bicarbonate, natural and artificial maple flavor (propylene glycol, natural and artificial flavor, water, maple syrup, ethyl alcohol), natural flavoring, collagen casing (casing colored with annatto).",,74.0,g,3 links,Meat/Poultry/Other Animals  Unprepared/Unprocessed,GDSN,,2019-03-14,2020-02-27,United States,,,
366057,752692,Cargill,,,642205549757,"Turkey, water, contains less than 2% salt, dextrose, maltodextrin, artificial flavors, spice extractives.",,70.0,g,2.5 oz.,Meat/Poultry/Other Animals  Unprepared/Unprocessed,GDSN,,2019-03-14,2020-02-27,United States,,,
366058,752696,Cargill,,,642205550524,"Turkey, natural Flavoring.",,112.0,g,4 oz.,Meat/Poultry/Other Animals  Unprepared/Unprocessed,GDSN,,2019-03-14,2020-02-27,United States,,,
366059,752698,Cargill,,,642205551422,"Turkey Tenderloin Enhanced with Solution: Turkey broth, canola oil, seasoning (salt, sugar, dehydrated turkey broth, turkey flavor [contains hydrolyzed corn protein, turkey broth powder, flavor]), dried vinegar, cultured dextrose, maltodextrin, flavoring. Coated with: Spices, dextrose, sugar, dehydrated garlic, dehydrated onion, dehydrated parsley.",,112.0,g,4 oz.,Meat/Poultry/Other Animals  Unprepared/Unprocessed,GDSN,,2019-03-14,2020-02-27,United States,,,
366060,752700,Cargill,,,642205551507,"Turkey Tenderloin Enhance with Solution: Turkey broth, canola oil, seasoning (salt, sugar, dehydrated turkey broth, turkey flavor [contains hydrolyzed corn protein, turkey broth powder, flavor]), dried vinegar, cultured dextrose, maltodextrin, flavoring. Coated With: Sugar, dried cane syrup, spices, dried garlic, dried tomato, lemon juice concentrate, dried onion, dried red bell pepper, brown sugar, salt, olive oil, natural flavor.",,112.0,g,4 oz.,Meat/Poultry/Other Animals  Unprepared/Unprocessed,GDSN,,2019-03-14,2020-02-27,United States,,,
366061,752702,Cargill,,,642205559435,"Ground turkey,natural flavoring",,112.0,g,4,Meat/Poultry/Other Animals  Unprepared/Unprocessed,GDSN,,2019-03-14,2020-02-27,United States,,,
366062,752704,Cargill,,,642205551446,"Solution Ingredients Turkey broth, canola oil, seasoning (salt, sugar, dehydrated turkey broth, turkey flavor [contains hydrolyzed corn protein, turkey broth powder, flavor]), dried vinegar, cultured dextrose, maltodextrin, flavoring. Coated With Dehydrated garlic, sugar, dehydrated onion, dehydrated lemon peel, salt, dehydrated parsley, natural flavors (including extractives of celery seed), spice.",,112.0,g,4 oz.,Meat/Poultry/Other Animals  Unprepared/Unprocessed,GDSN,,2019-03-14,2020-02-27,United States,,,
366063,752706,Cargill,,,642205551460,"Turkey Tenderloin Enhance with Solution: Turkey broth, canola oil, seasoning (salt, sugar, dehydrated turkey broth, turkey flavor [contains hydrolyzed corn protein, turkey broth powder, flavor]), dried vinegar, cultured dextrose, maltodextrin, flavoring. Coated With: dextrose, salt, spices, garlic powder, sugar, onion powder, dehydrated red bell pepper, dehydrated cilantro, lime powder, natural flavors, natural hickory smoke flavor.",,112.0,g,4 oz.,Meat/Poultry/Other Animals  Unprepared/Unprocessed,GDSN,,2019-03-14,2020-02-27,United States,,,
366064,752708,Cargill,,,642205518067,"Turkey, water, salt, corn syrup solids, spices, dextrose, paprika, spice extractives, natural pork casing.",,112.0,g,1 link,Meat/Poultry/Other Animals  Unprepared/Unprocessed,GDSN,,2019-03-14,2020-02-27,United States,,,
366065,752710,Cargill,,,642205549740,"Turkey, water, salt, corn syrup solids, spices, dextrose, paprika, spice extractives.",,70.0,g,2.5 oz.,Meat/Poultry/Other Animals  Unprepared/Unprocessed,GDSN,,2019-03-14,2020-02-27,United States,,,
366066,752712,Cargill,,,642205551064,"Turkey, water, salt, corn syrup solids, spices, dextrose, paprika, spice extractives.",,70.0,g,2.5 oz.,Meat/Poultry/Other Animals  Unprepared/Unprocessed,GDSN,,2019-03-14,2020-02-27,United States,,,
366069,752718,Cargill,,,90642205560359,"Contains 9.5% Turkey Broth, Salt, Sugar, Natural Flavoring.",,112.0,g,4 oz.,Meat/Poultry/Other Animals  Unprepared/Unprocessed,GDSN,,2019-03-14,2020-02-27,United States,,,
366070,752720,Cargill,,,10642205562418,"Turkey, turkey broth, Cajun seasoning (salt, Dextrose, spices,[black, red and white pepper],xanthan gum, arabic, garlic powder, natural flavors, citric acid, onion powder), salt, sugar, brown sugar, natural flavor. Coated with: salt, spices, paprika, dehydrated garlic, dehydrated onion.",,112.0,g,4 oz.,,GDSN,,2016-08-11,2020-02-27,United States,,,
366074,752728,Cargill,,,642205529551,"Tureky Tenderloin Enhanced with Solution: Turkey broth, canola oil, seasoning (salt, sugar, dehydrated turkey broth, turkey flavor [contains hydrolyzed corn protein, turkey broth powder, flavor]), dried vinegar, cultured dextrose, maltodextrin, flavoring. Coated with Cracked pepper, sugar, dried red and green bell pepper, dried garlic, dried onion, salt, spices, lactic acid, smoke flavor.",,112.0,g,4 oz.,Meat/Poultry/Other Animals  Unprepared/Unprocessed,GDSN,,2019-03-14,2020-02-27,United States,,,
368218,757018,Cargill,,,90642205559568,"Turkey, turkey broth, 2% or less of sea salt, cane sugar, dried orange pulp, natural flavorings. With carmelized sugar.",,85.0,g,3 oz.,Meat/Poultry/Other Animals  Prepared/Processed,GDSN,,2019-03-14,2020-02-27,United States,,,
368219,757020,Cargill,,,90642205526683,"Mechanically Separated Turkey, White Turkey, Water, Contains Less Than 2% of Salt, Sugar, Canola Oil, Autolyzed Yeast Extract (Dextrose, Salt, Autolyzed Yeast Extract, Modified Food Starch), Sodium Phosphate, Sodium Nitrite, Flavors (Potato Maltodextrin, Sunflower Oil, Natural Flavor, Gum Arabic, Sodium Erythorbate).",,14.0,g,14 g,Meat/Poultry/Other Animals  Prepared/Processed,GDSN,,2019-03-14,2020-02-27,United States,,,
368220,757022,Cargill,,,642205558834,Turkey with natural flavoring,,112.0,g,4 oz.,Meat/Poultry/Other Animals  Unprepared/Unprocessed,GDSN,,2019-03-14,2020-02-27,United States,,,
368221,757024,Cargill,,,642205517169,"Ground turkey, mechanically separated turkey, water, bread crumbs (enriched flour [wheat flour, niacin, reduced iron, thiamine mononitrate, riboflavin and folic acid], corn syrup, sugar, vegetable oil [soybean and/or cottonseed and/or corn and/or canola oils], contains 2% or less of the following: yeast, salt, whey, soy flour, sodium and/or calcium stearoyl, 2 lactylate and sesame seeds), textured vegetable protein product (soy protein concentrate, caramel color), cheese (imported parmesan cheese [made from cow's milk, rennet, salt], imported pecorino romano cheese [made from sheep's milk, rennet, salt]), sodium lactate, vinegar, dextrose, salt cereal (corn, wheat, rye, oats, rice), dehydrated onion, dehydrated red and green bell pepper, spices, dehydrated parsley, onion powder, garlic powder, sodium diacetate, spice extractives, natural flavoring, egg. Contains: wheat, soy, milk, egg.",,85.0,g,3 meatballs,Meat/Poultry/Other Animals  Prepared/Processed,GDSN,,2019-03-14,2020-02-27,United States,,,
375898,772394,Cargill,,,90642205529233,"Turkey Breast, Water, Contains Less Than 2% Salt, Sugar, Sodium Phosphate, Modified Food Starch, sodium propionate.",,56.0,g,2 oz.,Meat/Poultry/Other Animals  Prepared/Processed,GDSN,,2020-01-16,2020-02-27,United States,,,
375899,772396,Cargill,,,90642205556871,"Turkey breast, Water, Contains Less Than 2% Salt, Potassium Chloride, Sugar, Sodium Phosphate, Modified Food Starch, Sodium Erythorbate, Sodium Nitrite.",,56.0,g,2 oz.,Meat/Poultry/Other Animals  Prepared/Processed,GDSN,,2020-01-16,2020-02-27,United States,,,
375900,772398,Cargill,,,10642205008923,"Turkey Breast, Water, Contains Less Than 2% Salt, Dextrose, Modified Food Starch, Potassium Lactate, Sodium Diacetate, Potassium Phosphate, Sodium Erythorbate, Sodium Nitrite.",,56.0,g,2 oz.,Meat/Poultry/Other Animals  Prepared/Processed,GDSN,,2020-01-16,2020-02-27,United States,,,
375901,772402,Cargill,,,10024292133199,"Turkey Breast, Turkey Broth, Contains Less Than 2% Salt, Sugar, Modified Food Starch, Propionic Acid, Sodium Phosphate, Potassium Chloride, Natural Flavor.",,56.0,g,2 oz.,Meat/Poultry/Other Animals  Prepared/Processed,GDSN,,2020-01-16,2020-02-27,United States,,,
379223,791819,Cargill,,,642205551507,"Turkey, turkey broth, canola oil, seasoning (salt, sugar, dehydrated turkey broth, turkey flavor [contains hydrolyzed corn protein, turkey broth powder, flavor]), dried vinegar, cultured dextrose, maltodextrin, flavoring. Coated With: Sugar, dried cane syrup, spices, dried garlic, dried tomato, lemon juice concentrate, dried onion, dried red bell pepper, brown sugar, salt, olive oil, natural flavor.",,112.0,g,4 oz.,Meat/Poultry/Other Animals  Unprepared/Unprocessed,GDSN,,2020-02-17,2020-04-01,United States,,,
379224,791821,Cargill,,,642205529551,"Turkey, Turkey broth, canola oil, seasoning (salt, sugar, dehydrated turkey broth, turkey flavor [contains hydrolyzed corn protein, turkey broth powder, flavor]), dried vinegar, cultured dextrose, maltodextrin, flavoring. Coated with: Cracked pepper, sugar, dried red and green bell pepper, dried garlic, dried onion, salt, spices, lactic acid, smoke flavor.",,112.0,g,4 oz.,Meat/Poultry/Other Animals  Unprepared/Unprocessed,GDSN,,2020-02-14,2020-04-01,United States,,,
379320,792015,Cargill,,,642205517169,"Ground turkey, mechanically separated turkey, water, bread crumbs (enriched flour [wheat flour, niacin, reduced iron, thiamine mononitrate, riboflavin and folic acid], corn syrup, sugar, vegetable oil [soybean and/or cottonseed and/or corn and/or canola oils], contains 2% or less of the following: yeast, salt, whey, soy flour, sodium and/or calcium stearoyl, 2 lactylate and sesame seeds), textured vegetable protein product (soy protein concentrate, caramel color), cheese (imported parmesan cheese [made from cow's milk, rennet, salt], imported pecorino romano cheese [made from sheep's milk, rennet, salt]), sodium lactate, vinegar, dextrose, salt cereal (corn, wheat, rye, oats, rice), dehydrated onion, dehydrated red and green bell pepper, spices, dehydrated parsley, onion powder, garlic powder, sodium diacetate, spice extractives, natural flavoring, egg. Contains: wheat, soy, milk, egg.",,85.0,g,3 meatballs,Meat/Poultry/Other Animals  Prepared/Processed,GDSN,,2020-02-14,2020-04-01,United States,,,
387642,808662,Cargill,,,90642205500430,"Turkey, Turkey Broth, Salt, Sugar and Natural Flavoring.",,112.0,g,4 oz.,Meat/Poultry/Other Animals  Unprepared/Unprocessed,GDSN,,2020-03-18,2020-05-01,United States,,,
387783,808952,Cargill,,,90642205513942,"Turkey, Water, Less Than 2% of Sodium Lactate, Brown Sugar, Salt, Sodium Phosphate, Modified Food Starch, Sodium Nitrite, Sodium Diacetate, Sodium Erythorbate.",,84.0,g,3 oz.,Meat/Poultry/Other Animals  Prepared/Processed,GDSN,,2020-03-26,2020-05-01,United States,,,
388516,810426,Cargill,,,90642205513942,"Turkey, Water, Less Than 2% of Sodium Lactate, Brown Sugar, Salt, Sodium Phosphate, Modified Food Starch, Sodium Nitrite, Sodium Diacetate, Sodium Erythorbate.",,84.0,g,3 oz.,Meat/Poultry/Other Animals  Prepared/Processed,GDSN,,2020-05-04,2020-05-28,United States,,,
562428,1139785,Cargill,,,00642205517169,"Turkey, Seasoning [Bread Crumbs (Wheat Flour, Salt, Yeast), Parmesan Cheese (Pasteurized Milk, Cheese Cultures, Salt, Enzymes), Romano Cheese (Pasteurized Cow's Milk, Cheese Cultures, Salt, Enzymes), Salt, Dried Garlic, Spices, Less Than 2% Dried Parsley, Yeast Extract, Brown Sugar, Natural Flavor], Water, Less Than 2% of Canola Oil, Vinegar, Salt, Natural Flavor. Contains: Wheat, Milk.",,85.0,g,,Meat/Poultry/Other Animals  Prepared/Processed,GDSN,,2020-10-30,2020-11-30,United States,,,
568001,1145291,Cargill,,,00642205546077,"Turkey, Natural Flavoring",,112.0,g,,Meat/Poultry/Other Animals  Unprepared/Unprocessed,GDSN,,2019-03-07,2020-12-30,United States,,,
568003,1145293,Cargill,,,90642205501499,Turkey Wings with up to 6% absorbed water,,112.0,g,,Meat/Poultry/Other Animals  Unprepared/Unprocessed,GDSN,,2020-11-05,2020-12-30,United States,,,
568004,1145294,Cargill,,,90642205501529,Turkey containing up to 6% absorbed water,,112.0,g,,Meat/Poultry/Other Animals  Unprepared/Unprocessed,GDSN,,2020-11-05,2020-12-30,United States,,,
568005,1145295,Cargill,,,00642205551422,"Turkey Tenderloin Enhanced with Solution: Turkey broth, canola oil, seasoning (salt, sugar, dehydrated turkey broth, turkey flavor [contains hydrolyzed corn protein, turkey broth powder, flavor]), dried vinegar, cultured dextrose, maltodextrin, flavoring. Coated with: Spices, dextrose, sugar, dehydrated garlic, dehydrated onion, dehydrated parsley.",,112.0,g,,Meat/Poultry/Other Animals  Unprepared/Unprocessed,GDSN,,2019-03-07,2020-12-30,United States,,,
568006,1145296,Cargill,,,00642205551460,"Turkey Tenderloin Enhance with Solution: Turkey broth, canola oil, seasoning (salt, sugar, dehydrated turkey broth, turkey flavor [contains hydrolyzed corn protein, turkey broth powder, flavor]), dried vinegar, cultured dextrose, maltodextrin, flavoring. Coated With: dextrose, salt, spices, garlic powder, sugar, onion powder, dehydrated red bell pepper, dehydrated cilantro, lime powder, natural flavors, natural hickory smoke flavor.",,112.0,g,,Meat/Poultry/Other Animals  Unprepared/Unprocessed,GDSN,,2019-03-07,2020-12-30,United States,,,
568007,1145297,Cargill,,,90642205501536,Turkey Necks Containing Up to 6% Absorbed Water,,112.0,g,,Meat/Poultry/Other Animals  Unprepared/Unprocessed,GDSN,,2020-11-05,2020-12-30,United States,,,
568008,1145298,Cargill,,,00642205518012,"Turkey, water, contains less than 2% of salt, dextrose, sugar, autolyzed yeast extract, spice extractives, citric acid, natural pork casing.",,112.0,g,,Meat/Poultry/Other Animals  Unprepared/Unprocessed,GDSN,,2020-02-04,2020-12-30,United States,,,
568009,1145299,Cargill,,,00642205549740,"Turkey, water, salt, corn syrup solids, spices, dextrose, paprika, spice extractives.",,70.0,g,,Meat/Poultry/Other Animals  Unprepared/Unprocessed,GDSN,,2019-03-07,2020-12-30,United States,,,
568010,1145300,Cargill,,,90642205529370,"Turkey breast, turkey broth, salt, natural flavoring.",,112.0,g,,Meat/Poultry/Other Animals  Unprepared/Unprocessed,GDSN,,2019-11-01,2020-12-30,United States,,,
568159,1145449,Cargill,,,90642205560199,"Turkey, Turkey Broth, Less than 2% of Potassium Lactate, Salt, Sugar, Sodium Phosphate, Sodium Diacetate, Carrageenan, Natural Flavorings. Caramel Color Added.",,84.0,g,,Meat/Poultry/Other Animals  Prepared/Processed,GDSN,,2020-01-21,2020-12-30,United States,,,
568160,1145450,Cargill,,,00642205517169,"Turkey, Seasoning [Bread Crumbs (Wheat Flour, Salt, Yeast), Parmesan Cheese (Pasteurized Milk, Cheese Cultures, Salt, Enzymes), Romano Cheese (Pasteurized Cow's Milk, Cheese Cultures, Salt, Enzymes), Salt, Dried Garlic, Spices, Less Than 2% Dried Parsley, Yeast Extract, Brown Sugar, Natural Flavor], Water, Less Than 2% of Canola Oil, Vinegar, Salt, Natural Flavor. Contains: Wheat, Milk.",,85.0,g,,Meat/Poultry/Other Animals  Prepared/Processed,GDSN,,2020-11-18,2020-12-30,United States,,,
569523,1146813,Cargill,,,00642205003938,"Turkey, Natural Flavoring.",,112.0,g,,Meat/Poultry/Other Animals  Unprepared/Unprocessed,GDSN,,2020-02-03,2020-12-30,United States,,,
1594214,2222288,Cargill,Honeysuckle White,,642205007493,"Turkey, Pasteurized process white cheddar cheese (cheddar cheese [milk, cheese culture, slat, enzymes], water, cream, sodium phosphate, salt, sorbic acid [preservative], dehydrated cranberry, sugar, encapsulated salt [salt, hydrogenated soybean oil], dehydrated green bell pepper, dehydrated onion, dehydrated garlic, torula yeast spice), contains less than 2% of dried vinegar, cultured dextrose, rosemary (natural flavor with antioxidant properties).",,100.0,g,1 patty,Meat/Poultry/Other Animals  Unprepared/Unprocessed,GDSN,1.18 LBR,2020-06-25,2022-02-10,United States,,UNPREPARED,
